Dealer ID,Current Grade
GCD-271,P
GCD-2819,A
GCD-15822,A
GCD-3700,Non AMJ
GCD-2002,Non AMJ
GCD-3995,A
GCD-17369,A
GCD-3312,Non AMJ
GCD-2497,A
GCD-2670,P
GCD-2625,A
GCD-6854,A
GCD-16442,A
GCD-16812,A
GCD-16416,Non AMJ
GCD-8241,P
GCD-15956,C or D
GCD-13869,C or D
GCD-973,C or D
GCD-589,C or D
GCD-16963,C or D
GCD-18611,Non AMJ
GCD-18761,C or D
GCD-15899,Non AMJ
GCD-4976,C or D
GCD-13989,C or D
GCD-18927,B
GCD-3649,Non AMJ
GCD-3347,B
GCD-19109,Non AMJ
GCD-19299,Non AMJ
GCD-3250,A
GCD-7752,A
GCD-5080,B
GCD-19297,B
GCD-1816,C or D
GCD-19105,A
GCD-14619,A
GCD-18778,A
GCD-19690,C or D
GCD-20321,C or D
GCD-15556,A
GCD-3736,C or D
GCD-19482,C or D
GCD-3051,C or D
GCD-19269,Non AMJ
GCD-18526,C or D
GCD-1528,Non AMJ
GCD-20821,B
GCD-19665,C or D
GCD-19682,A
GCD-19708,C or D
GCD-19431,A
GCD-4432,B
GCD-19654,B
GCD-19693,A
GCD-19544,B
GCD-19768,C or D
GCD-19779,Non AMJ
GCD-19781,C or D
GCD-8439,C or D
GCD-18483,B
GCD-18822,A
GCD-19257,C or D
GCD-4651,C or D
GCD-1909,C or D
GCD-9429,C or D
GCD-19149,Non AMJ
GCD-19882,C or D
GCD-17566,A
GCD-5880,B
GCD-3364,A
GCD-4264,Non AMJ
GCD-19514,A
GCD-20171,A
GCD-19906,C or D
GCD-5867,C or D
GCD-19295,Non AMJ
GCD-2394,Non AMJ
GCD-15875,C or D
GCD-2651,C or D
GCD-20026,P
GCD-20044,C or D
GCD-4590,C or D
GCD-20065,C or D
GCD-18889,B
GCD-20877,C or D
GCD-20106,C or D
GCD-9865,Non AMJ
GCD-20115,A
GCD-20089,B
GCD-25290,C or D
GCD-20520,A
GCD-25081,Non AMJ
GCD-20160,Non AMJ
GCD-20152,C or D
GCD-5872,C or D
GCD-25600,B
GCD-17219,A
GCD-20195,B
GCD-25138,Non AMJ
GCD-6313,Non AMJ
GCD-19424,C or D
GCD-25164,B
GCD-2821,A
GCD-20175,C or D
GCD-5853,C or D
GCD-19371,C or D
GCD-20279,Non AMJ
GCD-9017,A
GCD-25168,C or D
GCD-25219,C or D
GCD-25492,B
GCD-2183,C or D
GCD-20317,Non AMJ
GCD-25142,Non AMJ
GCD-16186,A
GCD-25002,C or D
GCD-20326,C or D
GCD-20747,C or D
GCD-13232,C or D
GCD-20357,B
GCD-20362,B
GCD-20895,C or D
GCD-20376,A
GCD-25025,B
GCD-21067,C or D
GCD-21144,Non AMJ
GCD-11319,A
GCD-20390,C or D
GCD-20132,B
GCD-3171,
GCD-20777,B
GCD-2558,C or D
GCD-20901,A
GCD-21079,B
GCD-3424,A
GCD-20299,C or D
GCD-11566,C or D
GCD-8874,C or D
GCD-21107,Non AMJ
GCD-20523,C or D
GCD-1352,C or D
GCD-20565,C or D
GCD-19918,C or D
GCD-20093,C or D
GCD-20703,C or D
GCD-20878,C or D
GCD-20919,C or D
GCD-12471,B
GCD-20330,C or D
GCD-25167,C or D
GCD-25365,C or D
GCD-21091,Non AMJ
GCD-20612,C or D
GCD-20601,C or D
GCD-25335,C or D
GCD-15733,
GCD-18423,C or D
GCD-20653,B
GCD-20662,Non AMJ
GCD-9763,Non AMJ
GCD-25504,C or D
GCD-3570,A
GCD-20161,A
GCD-3202,A
GCD-19155,A
GCD-3017,Non AMJ
GCD-20701,B
GCD-2942,Non AMJ
GCD-19830,B
GCD-4705,A
GCD-20793,C or D
GCD-18866,B
GCD-2469,C or D
GCD-17255,C or D
GCD-20864,Non AMJ
GCD-10189,A
GCD-20851,C or D
GCD-21037,C or D
GCD-20872,C or D
GCD-20859,C or D
GCD-21140,B
GCD-20880,C or D
GCD-20892,C or D
GCD-20869,C or D
GCD-3086,B
GCD-17198,C or D
GCD-20111,B
GCD-20881,B
GCD-20849,A
GCD-20556,C or D
GCD-18304,
GCD-18933,C or D
GCD-20920,C or D
GCD-20923,C or D
GCD-7774,C or D
GCD-1019,Non AMJ
GCD-20907,C or D
GCD-20936,Non AMJ
GCD-20960,C or D
GCD-21011,C or D
GCD-20984,C or D
GCD-21004,C or D
GCD-10528,Non AMJ
GCD-25014,C or D
GCD-12595,C or D
GCD-20970,C or D
GCD-20596,Non AMJ
GCD-20964,C or D
GCD-21131,C or D
GCD-12476,Non AMJ
GCD-20962,C or D
GCD-20980,B
GCD-25395,C or D
GCD-20499,Non AMJ
GCD-20975,A
GCD-21054,C or D
GCD-20974,C or D
GCD-13579,C or D
GCD-25005,C or D
GCD-20986,C or D
GCD-20090,C or D
GCD-20946,C or D
GCD-21002,C or D
GCD-20999,B
GCD-21000,Non AMJ
GCD-25047,C or D
GCD-25414,C or D
GCD-21016,C or D
GCD-20929,C or D
GCD-16264,C or D
GCD-21035,C or D
GCD-20154,A
GCD-19915,C or D
GCD-20372,A
GCD-21047,C or D
GCD-20867,C or D
GCD-21055,C or D
GCD-21042,C or D
GCD-20542,C or D
GCD-21064,C or D
GCD-21029,B
GCD-21072,C or D
GCD-25479,C or D
GCD-21083,Non AMJ
GCD-6027,C or D
GCD-21086,C or D
GCD-25268,B
GCD-21070,C or D
GCD-13507,B
GCD-21084,C or D
GCD-3788,C or D
GCD-13262,B
GCD-25616,C or D
GCD-21100,C or D
GCD-21097,P
GCD-12042,C or D
GCD-25459,B
GCD-20905,Non AMJ
GCD-21103,C or D
GCD-20200,C or D
GCD-21110,C or D
GCD-21113,C or D
GCD-20363,C or D
GCD-16380,C or D
GCD-21123,C or D
GCD-20126,Non AMJ
GCD-17090,C or D
GCD-25013,C or D
GCD-21138,C or D
GCD-3724,C or D
GCD-20684,C or D
GCD-21142,C or D
GCD-21122,C or D
GCD-25001,C or D
GCD-25473,C or D
GCD-20312,C or D
GCD-25028,C or D
GCD-20512,C or D
GCD-25024,
GCD-21101,Non AMJ
GCD-15393,C or D
GCD-21128,B
GCD-25017,Non AMJ
GCD-25043,C or D
GCD-21121,C or D
GCD-20446,A
GCD-25063,C or D
GCD-25471,C or D
GCD-13653,C or D
GCD-17327,C or D
GCD-25067,B
GCD-25114,C or D
GCD-20292,B
GCD-25080,B
GCD-5363,C or D
GCD-20622,C or D
GCD-25104,C or D
GCD-25070,C or D
GCD-25143,C or D
GCD-4882,B
GCD-25083,C or D
GCD-25100,Non AMJ
GCD-25119,Non AMJ
GCD-25112,C or D
GCD-20966,C or D
GCD-8249,C or D
GCD-25044,C or D
GCD-20340,Non AMJ
GCD-20345,C or D
GCD-20500,C or D
GCD-25177,C or D
GCD-21118,C or D
GCD-25163,C or D
GCD-25557,C or D
GCD-25166,C or D
GCD-20823,C or D
GCD-25246,C or D
GCD-25182,C or D
GCD-25567,C or D
GCD-25173,C or D
GCD-25406,C or D
GCD-20988,C or D
GCD-25204,C or D
GCD-25210,C or D
GCD-25211,C or D
GCD-25528,C or D
GCD-25228,C or D
GCD-25238,C or D
GCD-16579,A
GCD-20586,A
GCD-25270,C or D
GCD-17469,B
GCD-25259,C or D
GCD-25306,C or D
GCD-25287,C or D
GCD-20373,Non AMJ
GCD-16301,C or D
GCD-25286,C or D
GCD-25275,C or D
GCD-6904,A
GCD-25297,C or D
GCD-25310,C or D
GCD-25313,C or D
GCD-25320,C or D
GCD-25318,C or D
GCD-25330,C or D
GCD-20894,C or D
GCD-8966,B
GCD-25291,B
GCD-25337,C or D
GCD-20337,C or D
GCD-25357,C or D
GCD-21032,C or D
GCD-2361,C or D
GCD-25378,C or D
GCD-25362,C or D
GCD-5536,C or D
GCD-25385,C or D
GCD-21045,C or D
GCD-25370,C or D
GCD-15012,C or D
GCD-4761,C or D
GCD-21058,B
GCD-25363,C or D
GCD-25407,C or D
GCD-8682,A
GCD-25393,C or D
GCD-25411,C or D
GCD-25355,C or D
GCD-20996,Non AMJ
GCD-25424,C or D
GCD-13370,C or D
GCD-25417,A
GCD-25444,C or D
GCD-25462,C or D
GCD-8949,C or D
GCD-25015,C or D
GCD-25512,C or D
GCD-25096,C or D
GCD-25033,C or D
GCD-4275,C or D
GCD-25056,C or D
GCD-25107,C or D
GCD-25490,C or D
GCD-25480,C or D
GCD-8766,C or D
GCD-25531,C or D
GCD-25469,C or D
GCD-25497,C or D
GCD-25054,C or D
GCD-25507,C or D
GCD-7879,C or D
GCD-25342,C or D
GCD-25493,C or D
GCD-18576,C or D
GCD-25552,C or D
GCD-25518,C or D
GCD-25243,C or D
GCD-25539,C or D
GCD-25527,C or D
GCD-25543,C or D
GCD-25247,C or D
GCD-25267,C or D
GCD-16558,C or D
GCD-25510,C or D
GCD-25465,C or D
GCD-25558,C or D
GCD-25438,C or D
GCD-21030,C or D
GCD-21119,C or D
GCD-20459,A
GCD-20790,B
GCD-11492,C or D
GCD-20899,A
GCD-25078,C or D
GCD-8600,C or D
GCD-18187,
GCD-25486,C or D
GCD-1000099,
GCD-10016,C or D
GCD-12040,C or D
GCD-12861,C or D
GCD-21127,A
GCD-4663,C or D
GCD-16502,C or D
GCD-16922,C or D
GCD-5638,C or D
GCD-20987,A
GCD-21015,Non AMJ
GCD-19271,C or D
GCD-20178,C or D
GCD-20386,C or D
GCD-20466,C or D
GCD-20677,C or D
GCD-20767,C or D
GCD-20799,C or D
GCD-20045,C or D
GCD-20933,C or D
GCD-20954,C or D
GCD-21010,C or D
GCD-21049,C or D
GCD-21095,C or D
GCD-21120,C or D
GCD-21056,C or D
GCD-25035,C or D
GCD-25150,Non AMJ
GCD-25127,C or D
GCD-25132,Non AMJ
GCD-25162,Non AMJ
GCD-25253,C or D
GCD-25296,C or D
GCD-25321,C or D
GCD-25324,C or D
GCD-25418,C or D
GCD-25523,C or D
GCD-25563,C or D
GCD-1415,C or D
GCD-25587,C or D
GCD-25620,C or D
GCD-25624,C or D
GCD-25633,C or D
GCD-25657,A
GCD-25676,C or D
GCD-25679,
GCD-25681,
GCD-3470,C or D
GCD-4456,A
GCD-25102,Non AMJ
GCD-7815,
GCD-20930,Non AMJ
GCD-25207,C or D
GCD-4371,C or D
GCD-18618,Non AMJ
GCD-3939,Non AMJ
GCD-25537,B
GCD-13737,C or D
GCD-20828,C or D
GCD-7841,C or D
OX11122411525102591,Non AMJ
GCD-20940,C or D
GCD-5231,Non AMJ
GCD-20955,Non AMJ
OX27122407440302763,Non AMJ
GCD-21038,Non AMJ
GCD-21044,C or D
GCD-21065,C or D
GCD-25178,Non AMJ
GCD-25071,C or D
GCD-25085,C or D
GCD-25129,Non AMJ
GCD-25205,Non AMJ
GCD-25440,C or D
OX29112509051904214,C or D
GCD-8677,Non AMJ
GCD-3123,B
OX01092509145004013,C or D
GCD-25668,B
GCD-20602,C or D
GCD-25074,C or D
GCD-25142,Non AMJ
GCD-20803,C or D
GCD-1000162,C or D