Total,
UCF Code,Dealer
GCD-271,Handy Autos
GCD-15622,Mobeta
GCD-15651,Radedo Motor
GCD-3087,Perintis Motor
GCD-7491,Khaira Mobilindo
GCD-731,Cahya Auto
GCD-13207,Tafa Mobilindo
GCD-15629,Lights Autocars
GCD-840,Arjuna Motors
GCD-2819,TM Mobilindo
GCD-13824,Jhon 83 Auto
GCD-9758,Priatna Jaya Mobilindo
GCD-15822,NCang Mobilindo
GCD-15976,Mulya OTO
GCD-15710,Denny Jaya Motor
GCD-578,Sanggar Mobilindo
GCD-2272,Has Jaya Motor
GCD-747,Qatar Mobilindo
GCD-3700,Aziz Motor
GCD-9404,Rapi Jaya Motor
GCD-2002,Satria Mandiri Motor
GCD-3995,Rawza Auto Car
GCD-16950,Permata Mutia Autocar
GCD-5352,DJ AUTO
GCD-2719,Putraja Motor
GCD-17369,Fenix Autocars
GCD-8302,Raja Motor
GCD-3312,KK Trans Auto
GCD-2656,Arsya Mobil
GCD-17335,FM Auto Mobil
GCD-8830,Sukses Mobilindo
GCD-11589,Authar Motor
GCD-17571,Zenta Motor
GCD-12922,Four R Mobilindo
GCD-17299,Wins Mobilindo
GCD-2497,Bintang Timur Motor
GCD-1313,Farrel Motor
GCD-490,Maju Jaya Mobilindo
GCD-17829,Graha Prima Garasi Mobil
GCD-17903,Franz Mobilindo
GCD-17913,Sun Jaya Motor
GCD-18002,Tado Mobilindo
GCD-17937,Cipinang Jaya Motor 25
GCD-3062,Rekatama
GCD-2670,Inti Mob
GCD-16388,Bursa Otomotif Bogor
GCD-2625,Agung Jaya Motor
GCD-3547,Rizky Mobilindo
GCD-16679,Mans Professional
GCD-6854,Ahmed 88 Mobilindo
GCD-15782,DAF Auto Mobil
GCD-3081,Raya Mobilindo
GCD-4714,Arjuna Auto Car
GCD-16811,Agano Auto
GCD-16442,Rasya Auto Car
GCD-16812,Garasi Auto
GCD-17119,Kartini Motor
GCD-812,Ahras Mobilindo
GCD-16031,Ratu Autocar
GCD-2607,Karunia Indah Motor
GCD-15935,DHL Autos
GCD-16168,Yohanes Mobilindo
GCD-16416,The King Cobra Auto
GCD-8241,Garasi Banana
GCD-4456,Rasyid Mobilindo
GCD-15794,ADES AUTO
GCD-8381,Singkawang Motor
GCD-16551,JS Motor
GCD-15956,J'Cars
GCD-16286,Tri Mobilindo
GCD-13869,Raze Auto
GCD-17757,Asmara Jaya Mobilindo
GCD-18240,Ming Mobilindo
GCD-13701,Gading Motor
GCD-17668,STB Auto
GCD-2284,Auto88usedcar
GCD-973,Mutiara Jaya Motor
GCD-17920,Brother Haloho Mobilindo
GCD-11372,Terang Jaya Motor
GCD-12325,Gabena Auto
GCD-1409,Sumber Utama Mobil
GCD-18378,Sultan Naufal Auto
GCD-18804,Ultimate Motor
GCD-13345,Dhanda Mobilindo
GCD-18273,Taro Mobilindo
GCD-11448,Queen Cars
GCD-17923,Fortune Motor
GCD-5223,Bimasena motor
GCD-18857,Royz Auto Car
GCD-2932,Jagad Mobilindo
GCD-589,SKG Motor
GCD-18758,Bajaj Mobilindo
GCD-17684,Friends Auto Car - Bogor
GCD-18043,AYZ Mobilindo
GCD-581,Berdikari Jaya Motor
GCD-9919,Zen Jaya Motor
GCD-4040,Bumen Auto Mobil
GCD-16963,Mia Motor
GCD-18718,Panorama Media
GCD-1826,DAF Mobilindo
GCD-18597,ALP Jaya mobilindo
GCD-18611,Sodagar Mobil
GCD-18761,Garasi Ikhtiar
GCD-18736,RS Autos
GCD-15899,AMN Garage
GCD-3350,Mauza Cars
GCD-19001,RS Auto Car
GCD-19087,Trinity Auto Cars
GCD-11021,Surya Kencana Motor
GCD-6402,Rey Auto (IFSA)
GCD-4976,Swastika Raya Mobilindo
GCD-12763,Bangkit Auto Garage
GCD-2590,Bintang Pangukir Motor
GCD-19189,Savin Sukses Showroom
GCD-13989,Berkah Motor
GCD-2754,Captiva Auto 2800
GCD-18927,Garasikaka
GCD-4420,Hati Motor
GCD-19288,Uncle Auto Cars
GCD-3649,Mitra Mobil
GCD-19122,Mahardika Motor
GCD-19213,Hanan's Auto Cars
GCD-18453,MM Mobilindo
GCD-3347,Mobil Bro&Sis
GCD-19242,JS Autoblitz
GCD-19254,Surya Andalas Motor
GCD-7908,RK Motor
GCD-19264,Rizkian Mobils
GCD-1788,Jaya Motor
GCD-19109,Akram Garage
GCD-19299,Mitra Mandiri Mobilindo
GCD-19290,Mobilindo 99
GCD-19291,KK Auto Car
GCD-17986,Unity Mobilindo
GCD-19286,Alya Motor
GCD-3250,Kayla Top Mobil
GCD-19343,Iev Auto Sales
GCD-19248,Mobil Auto.com
GCD-3257,Zuriat Mobilindo
GCD-5983,Ivan Auto
GCD-2660,Khansa Auto
GCD-9324,Mobil 128
GCD-19245,Ninos Car
GCD-7708,Senna Jaya Motor
GCD-18230,Prima Autos
GCD-7752,SR Mobilindo
GCD-1780,Gading Mobilindo
GCD-19175,Miaa Mobilindo
GCD-2453,Zal Motor
GCD-1728,Hutama Mobil Sakti
GCD-15005,Sandy Mobilindo
GCD-19397,Berkat Anugrah Motor
GCD-5080,A&D Mobilindo
GCD-19411,Auto Jaya Motor
GCD-19617,Razka Jaya Motor
GCD-18728,Anugrah Motor
GCD-19463,BZ Mobilindo
GCD-4739,AW Mobilindo
GCD-19512,Raffa Mobilindo
GCD-19297,Putri Tunggal Motor
OX16112317002100112,Cahaya Motor - Helmut
GCD-4987,SIP Mobilindo
GCD-1816,Mora Mobilindo 88
GCD-19105,Auto Delapan Satu
GCD-14619,Azzami Mobilindo
GCD-18778,De Juprai Auto Garage
GCD-781,TC Mobilindo
GCD-19501,Rosarios Cars Gallery
GCD-19508,Ivan Mobilindo
GCD-19690,Bung Reyhan Garage
GCD-1415,Mitra Cendikia Motor
GCD-19515,Garasi 62
GCD-19481,Raden Auto
GCD-17470,J&J Autocars
GCD-15556,Kerinci Motor
GCD-19495,Nala Auto
GCD-19551,Daffa Mobil
GCD-3736,Alea Motor
OX08122315575700328,North Carage
GCD-19482,Sipon Auto Mobil
GCD-19714,Restu Ibu Mobilindo
GCD-3051,Hope Auto Car
OX14122321481200402,Tegar Mobilindo
GCD-19346,Carage Auto
GCD-15589,Sabda Alam Mobilindo
GCD-3814,Jelupang Mobilindo
GCD-15908,Brother Auto Car
GCD-19268,Della 78 Mobilindo
GCD-13529,Space Mobilindo
GCD-2678,Zadde Auto Mobil
GCD-19269,Ken Otos
GCD-2586,Albarkah Mobilindo
OX21112312580300147,Karomah Auto Mobil
GCD-19653,Mori Motor
OX07112321254200013,K 21 Auto Cars
GCD-7320,Agung Motor
GCD-19621,Sanjaya Motor
GCD-19650,Berkah Jaya Mobilindo (Engkus)
GCD-14823,Berkah Jaya Mobilindo (Herni)
GCD-1497,Fajar Motor
GCD-3525,Nava Sukses Motor
GCD-5120,Setia Mulya Mobilindo
GCD-5054,Echo Mobilindo
GCD-20002,Riam Auto Mobilindo
GCD-18526,Prima Auto
GCD-19746,Garasi Trubus
GCD-4792,Megah Mobilindo
GCD-1528,Abang Mobilindo
GCD-3056,Adina Berkah Mobilindo
GCD-19665,Ruang Kemudi
OX27112309113900197,Essa Motor
GCD-19639,Bibs Autocars
GCD-19371,Fam's Mobilindo
GCD-19682,Oxygen Motor
GCD-2055,Exist Auto
GCD-19708,Rafa Autocars
GCD-3517,Erka Auto Jaya
GCD-19431,ARN Motorcars
GCD-4432,Sentul Motor 12
GCD-19724,Dande Auto Cars
GCD-1775,Garasi Nirwana
GCD-19654,Mahesa Mobil Kreo
GCD-19693,Gaharu Mobilindo
GCD-2594,Akhyar Jaya Mobilindo
GCD-5418,Juru Car
GCD-3160,R3ini Motor
GCD-19752,Wiko Motor
GCD-19747,FAF Autocar
GCD-19620,PW Mobilindo
GCD-3854,JP Autocar
GCD-1079,Jordy Mobil
GCD-19544,JIhan Mobilindo
GCD-11111,Lautan Rezeki Jaya
GCD-16619,Pelita Motor
GCD-19768,Garasi Kupin
GCD-19779,Pajada Mobilindo
GCD-18818,Abadi Jaya Mobilindo
GCD-19681,Brillian Maju Motor
GCD-5353,Sultan Mobilindo
GCD-19781,Emerha Garage
GCD-8439,Mitra Oto
OX18012413064000642,Nafiri Auto Mobilindo
GCD-4929,Rahfi Surya Mobilindo
OX24012417434900676,Cahaya Motor - Ade Anis Afrizal
GCD-3850,Fanny Mobilindo
GCD-19791,Rafli Motor
GCD-19795,Alex Motor
GCD-18483,Auto Jakarta Cars
GCD-17842,Cahaya Auto - Dwi Lucky
GCD-19812,Mitra Auto Gallery II
GCD-19818,Akas Mobil
GCD-5901,AB Mobilindo
GCD-18822,Drive it Motto
GCD-5583,Leo Auto Cars
GCD-19257,Ambia Mobilindo
GCD-1000,Irfan Auto gallery
GCD-4651,Zupar Mobilindo
GCD-19696,Barokah Motor
GCD-1541,Siliwangi Mobil
GCD-19798,Shaka Used Car
GCD-1909,Nendra Jaya Mobil
GCD-9429,Elha Mobilindo
GCD-19218,Yoga Motor
GCD-19149,Osaka Motor
GCD-19882,Haura Motor
GCD-14822,Mobcars Indonesia
GCD-17566,Amanah Auto Garage
GCD-13323,Purnama Auto Car
GCD-3590,Syariah Mobilindo
GCD-5880,Tidar Motor
GCD-3364,Rahayu Oto
OX22122315361300514,Doyan Mobil
GCD-18609,Kahf Kahf Auto Car Galery
GCD-15897,Laris Auto Car
GCD-19889,Blitz Automotive
GCD-6532,Jawir Motor
GCD-3053,AE Mobilindo
GCD-19897,NB Garasindo
GCD-19915,Line Autocar
GCD-19514,Kevin Motor
GCD-19918,EX Motor
GCD-19906,HD Car's
GCD-1590,Hobi Mobil
GCD-19931,Sumber Abadi Mobil
GCD-19935,Anggelita Mobilindo
GCD-19939,Garasi Gading
GCD-5867,Sulthan Auto Car
GCD-19295,Mas Er Auto
GCD-19949,Bekti Auto Motor
GCD-19973,Frato Auto
GCD-2394,Arek Mobilindo
GCD-16552,Steven Jaya Mobil
GCD-19983,Cahaya Auto Car 2
GCD-19990,Abam Garage Car
GCD-5569,Tri-R Automobile
GCD-15875,Kita Auto Cars
GCD-19991,Karya Mandiri Motor
GCD-2651,Win Motor
GCD-20026,Refiani Autos
GCD-17910,Sinar Harapan Motor
GCD-20022,JBM Malang
GCD-6936,Dian Jaya Mobil
GCD-5945,R35 Mobil
GCD-20037,My Garage
GCD-11507,Satria Mobilindo Jaya
GCD-12169,Ocean Rezeki Motor
GCD-20044,Ali Motor Mobilindo
GCD-20046,Karya Mobil
GCD-2977,Syafana Motor
GCD-20136,257 Auto Car
GCD-20051,Mahameru Mobilindo
GCD-20054,Tenang Jaya Motor
GCD-4590,Ryan Mobilindo
GCD-18606,KT88 Cars
GCD-3856,Menara Mobil
GCD-10992,70 Mobilindo
GCD-16801,Allura Auto
GCD-19986,FT Rafa Jaya Motor
GCD-20047,Pamungkas Mobilindo
GCD-10920,Queen Mobilindo
GCD-18304,Zafa Mobilindo
GCD-19095,Dwi Putra Motor
GCD-20065,SR Mobilindo (Iman)
GCD-20103,Tasya Mobilindo
GCD-19407,Shaveera Mobilindo
GCD-19871,Sang Auto Mobilindo
GCD-20039,FAA Auto
GCD-20151,Uncle Sam Garage
GCD-4943,Aurora Mobilindo
GCD-2331,Aurellia Auto Galery
GCD-1953,Bima Suci Motor
GCD-18889,Garasi 4 Unsur
OX22032416181700826,Jual mobilmu.id
GCD-19783,Pitu Mobilindo
GCD-20025,Auto Guru
GCD-20073,Pelangi Mobil
GCD-20090,Fa'iz Motor
GCD-3809,Daf Media Kreasi Motor
GCD-7593,Joe's Garage
GCD-2676,Rama Motor
GCD-20106,Rafly Motor
GCD-20093,Anugerah Abadi
GCD-20077,JP Mobilindo
GCD-19907,Rezeki Sekawan Motor
GCD-20096,Hand Mobilindo
GCD-20097,Dita Mobilindo
GCD-18479,Dels Auto
OX23042414581700890,Alfisana Autos
GCD-20094,Berlian Motor
GCD-6640,MHF Cars
GCD-20095,Prima Mobilindo
GCD-20115,Z Auto Car
GCD-19725,Zevano Mobilindo
GCD-17830,Sawojajar 2 Mobil
GCD-4807,Putragung Motor
GCD-18440,Sumber Rejeki Mobil
GCD-20109,Auto Terrace
GCD-20113,Sidoarjo Motor
GCD-20067,Rumah Mobil Garuda
GCD-20114,Tunas Used Car
GCD-19549,Depok Syariah Mobilindo
GCD-6310,Pratama Mobilindo
GCD-6486,999 Jaya Motor
GCD-7824,Herdiana Motor
GCD-1476,Faiz Rizky Mobilindo
GCD-20089,Den Bagus Mobilindo
GCD-20104,Auto Tadjir
GCD-2183,Metro Auto
GCD-20121,G2 Auto Car
GCD-20084,Garasi 151
GCD-20124,PSS Garasi
GCD-5200,TRZ Mobilindo
GCD-15786,Regina Mobil
GCD-17012,Alif Mobil
GCD-20078,MW Garage
GCD-3933,Expro Motor
GCD-18982,Triple G Auto Car
GCD-20069,Wibowo Auto
GCD-20135,Arjuna Kreasi Utama
GCD-20020,Rian Motor
GCD-20132,HRS Autocar
GCD-20129,Gading Garage
GCD-20134,Mandiri Auto
GCD-10948,Champ Motor
GCD-20110,Geneva Motor Garage
GCD-20082,UT Mobilindo
GCD-5891,Mega Jaya Mobilindo
GCD-10169,Jaya Abadi Motor
GCD-1682,RF Mobil
GCD-11259,Oto Sam
GCD-20128,Rafsome Mobilindo
GCD-16912,Bima Garage
GCD-6965,Erik Jaya Motor
GCD-10090,Prema Bhakti Utama
GCD-10241,MJB
GCD-20154,Araya Mobil
GCD-20157,Mulyos Abadi Mobil
GCD-20144,Garasi 28
GCD-20150,Sawargi Motor
GCD-2158,Mikail Motor
GCD-20153,Mandiri Jaya Motor
GCD-3518,Pratama Mandiri
GCD-20162,Jody 11 Motor
GCD-4228,Java Motor
GCD-6621,Azzahra Mobilindo
GCD-20075,Jawa Mobil
GCD-20160,Mutiara Motor
GCD-10040,Kresna Nanda Mobilindo
GCD-20152,European Automotive House
GCD-20180,Ray Motor
GCD-16922,Suci Motor
GCD-15083,Air 47 Garage
GCD-20158,Panca Mandiri Mobil
GCD-12405,Jhon Motor
GCD-20171,Rayyan Mobil
GCD-11368,Family Garage
GCD-20172,Cita Mobilindo
GCD-3123,Plaza Mobil
GCD-20227,Askanah Berkah Mobilindo
GCD-20080,Trisno Garage
GCD-19876,Andrei Mobilindo
GCD-2712,Permata Mobilindo
GCD-6716,Yono Motor
GCD-2670,Inti Mob
GCD-12948,Pandawa Motor
GCD-6494,Gym Mobil
GCD-11910,UD AURA CAHAYA MOTOR
GCD-20187,ACC Motor
GCD-19441,Rasya Mobil
GCD-20155,Sargas Jaya Motor
GCD-2707,RR Mobilindo
GCD-20183,Tambun Jaya Motor
GCD-12950,Victory Motor
GCD-13214,Putra Artawan Mobilindo
GCD-17219,Amorh Mobil
GCD-14164,JAG Auto
GCD-12124,Samilan Jaya Dua Mobil
GCD-13564,Dua Putra Mobil
GCD-17327,Laris Motor
GCD-5349,Sumber Barokah Mobil 1
GCD-9589,Neo Mobilindo
GCD-12892,Garasi 257
GCD-20195,Bombom Autocar
GCD-20200,Sumber Barokah Mobil Malang 09
GCD-3694,SJM Rajawali Motor
GCD-5053,AR 88 Auto Car
GCD-7698,Aishe Mobil
GCD-20202,Liam Mobilindo
GCD-20199,Timothy Autocars
GCD-20204,OTOSDA
GCD-18502,Simpatik Motor
GCD-20182,Ajo Mobilindo
GCD-18862,Annora Jaya Mobil
GCD-17199,Ghazza Maju Motor
GCD-6313,DhepHe Mobil
GCD-3963,Indonesian Garage
GCD-20208,Menara Mobil
GCD-8095,Ave Garage
GCD-9665,Ar Rozzaq Auto
GCD-3934,Semarang Cars
GCD-20212,Noppy Mobil
GCD-4049,Cahaya sejahtera motor
GCD-19424,Suara Multi Mobilindo
GCD-3232,Dwinner Motor
GCD-19880,Kana Motor
GCD-5662,Dua Mandiri Putra
GCD-7011,Garuda Garage
GCD-20447,Secret Auto Garage
GCD-5875,Dian Mobil
GCD-2718,Zae Motor
GCD-15115,Mobil Bagus Surabaya
GCD-20091,Lam Auto
GCD-4342,Arvino Motor
GCD-9865,Pime Auto
GCD-16186,Cipta Jaya Makmur
GCD-20176,Agung Nadi Motor
GCD-7439,Hiro Auto
GCD-20083,Mutiara Mobil
GCD-10030,Sri Amerta Auto Mobil
GCD-4284,Panca Jaya Motor
GCD-17386,Erbama Auto
GCD-6574,New Saledri
GCD-2821,Devryn Autocars
GCD-20213,Eddy Motors Mandiri
GCD-7509,DK Mobil
GCD-20190,Miz Mobilindo
GCD-20175,Doni Motor
GCD-4102,R&N Jaya Cemerlang
GCD-3311,RMM Mobilindo
GCD-9621,QQ Auto Car
GCD-20178,Widhi Motor
GCD-20264,Cahaya Agung Motor
GCD-13624,Rumah Mobil
GCD-20258,Mardisari Motor
GCD-2454,Adil Jaya Motor
GCD-12861,UD Setyo
GCD-12043,FF Motor (Hananto)
GCD-20248,614 Motor
GCD-10786,Radar Motor
GCD-5853,Sentul Motor 9
GCD-7717,Andrey Motor
GCD-20225,Embugarrage Auto Mobilindo
GCD-3676,FF Motor - ACEP
GCD-20214,Satria Motor
GCD-9670,ADM Garasi
GCD-20277,Arick Motor
GCD-1352,Sentul Motor 11
GCD-20285,Auto Barokah Mobilindo
GCD-18792,Benny Motor Sports
GCD-20267,Kiki Auto Mobilindo
GCD-20279,Rayhan Putra Mobilindo
GCD-20364,Mergan Jaya Mobilindo
GCD-5527,Jangkar Auto Mandiri
GCD-10325,Nugraha Motor
GCD-13979,Awra Mobilindo
GCD-10399,Bakoel Mobil
OX22062414050501275,Auto 919
GCD-1357,Mobil Oke
GCD-20229,Altamira Motor
GCD-16449,SB Jaya Motor
GCD-9017,UD Dwi Guna Motor
GCD-4093,Asar Mobilindo
GCD-5689,Rizqy Abadi Motor
GCD-20282,Twin Car
GCD-9882,Gede Suryadana Motor
GCD-20292,Barra Auto Garage
GCD-7435,CV Sugih Makmur Motor
GCD-19803,Mataram Auto Gallery
GCD-19581,Banyu Urip Mobil
GCD-20312,Garasi Mobil
GCD-19159,Makmur Mobil
GCD-5324,Alvinra Motor
GCD-20228,Dewata
GCD-20299,Abas Jaya Mobilindo
GCD-2913,Cipinang Jaya Motor 2A
GCD-20278,Aka Mobil
GCD-20311,MAV Garage
GCD-20250,Jaya Mobilindo
GCD-11154,Gladiol Motor
GCD-3830,Harmoni Mobil
GCD-5458,Atiqah Auto Car
GCD-11880,Garasi Sanggrahan
GCD-20321,YB Auto
GCD-11959,Alvaro Mobilindo
GCD-20317,Garasi E05
GCD-271,Handy Autos
GCD-6721,Bro Mobil
GCD-8241,Garasi Banana
GCD-20319,Berkah Lancar Mobilindo
GCD-20265,Keizh Auto
GCD-20281,Aubrey Motor
GCD-16579,Mobilku Laku
GCD-20240,Power West Otomotif
GCD-20193,Wastu Jaya Motor
GCD-3513,Sumber Motor
GCD-20271,Karunia Motor
GCD-20726,EL Mobilindo
GCD-13541,Saka Mobilindo
GCD-17469,JJ Auto
GCD-20275,UD. KERTA SARI MOTOR
GCD-20329,M'bils Project Mobilindo
GCD-20333,Mbah So Mokas
GCD-20306,Pardi Putra Mobilindo
GCD-20354,Damai Motor
GCD-14809,3 Brothers
GCD-20326,K2 Mobilindo
GCD-3939,Viratama Mobilindo
GCD-12533,Bintang Fausta Motor
GCD-14699,Gede Motor
GCD-20339,Sepat Motor
GCD-17730,Favor Mobil
GCD-20307,Barinmolo
GCD-20342,Bekti Garage
GCD-20340,BMAC Garage
GCD-20345,Archie Mobil
GCD-20338,Jakarta Mobil Track
GCD-5502,Garasi Pak E
GCD-11225,Budi Mulya
GCD-13133,JX Mobil
GCD-5442,RR Mobilindo (Hariyadi)
GCD-6900,Osabi Cars
GCD-7409,PUSPA ASIH GUNA ARTA MOTOR
GCD-20256,Mesari Motor
GCD-9996,Body Mobilku
GCD-19381,Mobilo
GCD-14305,Pap's Auto
GCD-20357,WD Auto Garage
GCD-4584,Tukuw Mobil
GCD-20226,Wijaya Motor
GCD-20362,DSRT
GCD-20490,Aloha Cars
GCD-20355,I Like This Car
GCD-16553,168 Mobil
GCD-8075,Gepeng Mobilindo
GCD-20334,Raya Putra Mobil
GCD-12350,Kayana 22
GCD-20365,Garasi Ayah
GCD-6723,Panji Jaya Motor
GCD-4149,Alva Alvi Motor
GCD-20501,Fawaz Garage
GCD-20337,Kusuma Auto Mobil
GCD-4738,Garasi Jadoel
GCD-20466,Ghania Mobilindo
GCD-6257,Berkah Auto Mobilindo
GCD-9720,Artha Mobil
GCD-6564,Bromo Indah Mobil 2
GCD-20376,Permata Motor
GCD-5457,Auto One
GCD-12016,Mitra Mobil
GCD-19875,AA Mobilindo
GCD-8851,Jones Garage
GCD-6732,AZ Car
GCD-3520,Raya Motor
GCD-20241,Khyana Auto Car
GCD-8799,Putra Motor
GCD-3185,Osy Motor
GCD-20373,BTM Reborn Yogyakarta
GCD-5870,Surya Artha Motor
GCD-3482,Sentul Motor 8
GCD-20367,Raja Mobil
GCD-18888,Alevi Auto Car
GCD-20138,Adare Motor
GCD-20399,Daffa Auto Mobil
GCD-20360,Duta Mobilindo
GCD-20310,Citra Buana Adi
GCD-16298,Taruna Motor
GCD-20288,SJM Autocars
GCD-20410,Tim Mobil
GCD-8069,Santika Indo Perkasa
GCD-14699,Gede Motor (Gede Agus Ernawan)
GCD-8768,Rashya Motor
GCD-20407,Alhabsyi Jaya Mobilindo
GCD-11319,GS Autocars
GCD-10226,Jayz Mobilindo
GCD-20363,Jhon Garage
GCD-5642,Telaga Berlian
GCD-20372,Garage 99
GCD-20383,HG Autocars
GCD-19739,Surya Perkasa Auto
GCD-20377,Elgon Auto Car
GCD-10154,Mobil 29
GCD-14009,Wildan Mobile
GCD-20331,Glory Mobilindo
GCD-15731,Willy Mobilindo
GCD-20259,Berlian Nusantara Motor
GCD-20420,Artata Mobilindo
GCD-5360,Omah Mobil
GCD-20021,Reygha Sagara Motor
GCD-20386,Paparaja Oto Mandiri
GCD-13513,Multijaya Victory Motor
GCD-20417,Fortune Garage
GCD-20421,Cemerlang Jaya Motor
GCD-19354,Teratai Motor
GCD-20422,Mobil Second Berkualitas
GCD-9856,Valen Mobil
GCD-8710,Raya Oto Mobil
GCD-20403,Pramana Mobil
GCD-8685,Dekde Motor
GCD-20406,Bening Raja Motor [RJM]
GCD-20335,EL Garage
GCD-17584,203 Motor
GCD-20435,Dsb Automotif
GCD-9469,Max Clean Garage
GCD-4844,Ab Auto Jakal
GCD-20437,Kusuma Mobil
GCD-20401,Tunas Rejeki Mobil
GCD-20390,Jaya Raya Motor
GCD-20424,Rere Jaya Mobil
GCD-20405,Angon Mobil
GCD-20415,Afzar Rizki Jaya Motor
GCD-20439,Hensu Mobilindo
GCD-19519,Karna Motor Sading
GCD-20446,Elite Car
GCD-20366,Queens Auto
GCD-20416,FAM Auto
GCD-5626,Udin Motor
GCD-20550,ADI DANANJAYA MOTOR
GCD-5122,Syahri Motor
GCD-20381,Hidayah Motor
GCD-19566,KK Jaya Motor
GCD-3171,SM Auto Car
GCD-12193,Triwara Motor
GCD-16442,Rasya Auto Car
GCD-4388,Fresh Auto
GCD-10785,DNA Garage
GCD-14413,Karya Utami Motor
GCD-20427,Donni Auto Cars
GCD-10636,Mesari Motor - I Made Mahayana
GCD-9870,Mustika 88
GCD-4887,Zacklee Auto
GCD-20455,Bougenville Mobil
GCD-13595,Shaviro Jaya Mobil
GCD-20459,Hakim Motor Indonesia
GCD-12685,NRV Mobilindo
GCD-15892,Opang Garage
GCD-5625,Agasthya Mobilindo
GCD-5639,Prima Jaya Mobil
GCD-20371,RR Mobilindo - Ramditia Dwi Amanto
GCD-20451,PE Mobil
GCD-2558,RJ Mobilindo
GCD-19418,Hilal Mobilindo
GCD-20469,Growing Mobilindo
GCD-20472,Mobil Wae Otomotif
GCD-17559,Garasi Mobil Second 99
GCD-3846,MTU Mobil
GCD-20443,Nabila Auto Cars
GCD-20432,Selang Jaya Motor
GCD-20458,Ram's Garage
GCD-12970,Ar-razzaq Auto
GCD-20440,Keenan Autocars
GCD-20298,Aby Motor
GCD-20370,Ady Karya Mobilindo
GCD-7231,AHD Motor
GCD-5323,Nafa Mobilindo
GCD-20161,Kim Auto Car
GCD-20425,UD Darma Motor
GCD-18203,Uklik Motor
GCD-6446,Begja Motor
OX16082410310201737,Abim Auto Car
GCD-20414,Axl Mobilindo
GCD-20391,Bimmercarguy
GCD-20444,Garage Darell NR
GCD-20481,Dwi Artha Mobilindo
GCD-20499,Sadim Mobil
GCD-20512,Jay Mobil
GCD-2716,Garasi Mobilindo
GCD-3950,Dana Motor Abadi
GCD-14115,C'mung Mobil
GCD-20503,Kea Cars
GCD-20518,IMS Auto Cars
GCD-4437,Sisi Garage Auto
GCD-13262,Arsy Autocar
GCD-14747,Arya Mobilindo
GCD-4502,Syuhada Motor
GCD-7223,BSR Garage
GCD-20452,Idaman Jaya Motor
GCD-11566,Surya Bagus Mobilindo
GCD-20520,Stadium Used Car
GCD-20507,A Car
GCD-3806,Galuh Auto Raya
GCD-20111,Wiz Garage
GCD-20487,Carmil Autos
GCD-5251,Mutiara Motor
GCD-20470,Semar Motor
GCD-20523,Abdul Mobilindo
GCD-17434,Naya Mobil
GCD-20484,Absari Motor
GCD-9904,Mujar Mobilindo
GCD-19926,Auto Joy
OX07082415541701655,Famel Motor
OX09092418440401876,Ilario Motor
GCD-6402,Rey Auto
GCD-20540,Garasi Otomotif
GCD-3055,Fairuz Mobilindo
OX05082415074501616,Brother Garage
GCD-16502,Garasi Kandang
GCD-13160,Hiro Mobilindo
GCD-20534,SS Auto
GCD-20473,GPS Auto
GCD-20542,Reiky 06 Mobilindo
GCD-19431,ARN Motorcars
GCD-5825,Army Motor
GCD-10139,Upin Ipin Garage
GCD-20530,Putra Jaya Mobil
GCD-20430,Nabila Autocar
GCD-20539,Tony Mobil
GCD-20565,Himalaya Auto
GCD-20548,N5 Mobil
GCD-4705,Niki 23 Mobil
GCD-3943,Sinar Makmur Sentosa
GCD-11266,Gilang Jaya Motor
GCD-20500,Yes Toya Mobilindo
GCD-7166,Naka Auto Car
GCD-20552,Bricks auto cars
GCD-5794,Putra Sidakarya Motor
GCD-20556,AY Project
GCD-16496,Alvaro Mobil
GCD-6904,Azza Mobilindo
GCD-20562,YY Mobilindo
GCD-18933,Salman Mobil
GCD-18360,Buwana Mega motor
GCD-8155,MAP Car
GCD-5820,Lendy Mobil
GCD-20559,Y2TRANS
GCD-7707,Idham auto mobilindo
GCD-10647,AW Motor
GCD-10682,Utama Berkah Mobil
GCD-16802,Swanjaya Motor
GCD-6948,Queen Mobil
GCD-12471,Arrayan Motor
GCD-6234,Boss Automotive
GCD-18384,HAP Mobilindo
GCD-12925,Citra Mobil
GCD-20551,Bless Mobilindo
GCD-20543,Best Deal Auto
GCD-19779,Pajada Mobilindo
GCD-20330,Sumber Rizki Motor
GCD-20464,Mangku Auto
GCD-20536,Permadi Auto Cars
GCD-20584,Mutiara Mobilindo
GCD-20618,Nur Rizki Autocars
GCD-6854,Ahmed 88 Mobilindo
GCD-5363,Srikandi Motors
GCD-3459,Sendiko Mobil
GCD-20586,Iriyanti Mobilindo
GCD-20568,AA+ Auto Cars
OX09092417115601874,Rojo Koyo Mobil
GCD-20592,Ken Mobilindo
GCD-12825,FR Motor
GCD-20595,Aura Mobilindo
GCD-20602,Rosita Motor Bogor
GCD-20599,Garasi Temen
GCD-20555,Garasi Cah - Ana
GCD-20603,Tlogomas Jaya Mobil
GCD-5236,Cemara Mobilindo
GCD-10016,Ayudia Mobilindo
GCD-14067,Berkah Dalem Mobilindo
GCD-20521,Tridaya Motor
GCD-20612,Win Mobilindo
GCD-5863,Ferie Mobil
GCD-20613,Anugrah Jaya Motor
GCD-20601,Andhika Putra Motor
GCD-20454,Sabrina Auto Galery
GCD-19172,Anugerah Pratama Mobil
GCD-2670,Inti Mob
GCD-20593,Hamdara Motor
GCD-20622,Eleanor motorcars
GCD-18866,Elgin Auto Garage
GCD-20607,Garasi Rijlun
GCD-20611,Kubiga Mobil
GCD-20570,Adam Sembilan
GCD-18423,Mahaprana Motor
GCD-20620,Kauren jaya Mobilindo
GCD-20626,Nuansa Jaya Mobilindo
GCD-20560,Kirana Mobil
GCD-20566,Vito Mobil
GCD-20621,Allea Sejahtera Mobilindo
GCD-5710,Parna Motor
GCD-12892,Garasi 257
GCD-20525,Tigah Mobil
GCD-20636,Garasi Om Tua
GCD-5511,Tombo Ati Mobil
GCD-17708,Tunas Jaya Auto Car
GCD-9868,Wahyu Dewata Motor
GCD-20637,Mutiara Jaya Mobil
GCD-9131,Tri Kurnia Mobilindo
GCD-20646,Garasi Fahmi
GCD-20648,Kha-R Mobilindo
GCD-20649,Asikin Auto 69
GCD-20639,Rizky Akbar Mobil
GCD-4562,R&R Auto
GCD-20653,Humaira Mobilindo
GCD-16776,Partner In Crime Garage
GCD-12949,ASC Motor
GCD-20652,GM Autocar
GCD-20661,Pratama Mobilindo - Palembang
GCD-20662,PT. Prime Mobil Solutions - TRIIVCO
GCD-6205,Yudha Mobilindo
GCD-4412,Sriwijaya Mobilindo
GCD-5410,Sandro Autocars
GCD-20658,Tiga Putra Mobilindo
GCD-20666,RS Auto
GCD-20660,King Salman 88 Mobilindo
GCD-20677,Jaya Motor
GCD-5077,Rizky Sofhia Mobilindo
GCD-9763,PT. Tridatu Sejahtera Mobilindo - TSM Mobilindo
GCD-20670,3D Mobil
GCD-20590,SS Mobilindo
GCD-20673,Dhifa Autocars
GCD-20685,Arfa Motor
GCD-20651,Dua Putri Mobil
GCD-20676,A1 Mobil
GCD-20684,Auto Tumbuh Kembang
GCD-19827,Dwi Putra Auto
GCD-8584,Garasi Auto - Edho
GCD-3570,Imam Motor
GCD-20691,Wijaya Mobilindo - Palembang
GCD-4881,Rizky Haji Motor
GCD-20687,Senada Motor
GCD-4455,Ken Mobilindo - Palembang
GCD-3173,Josh Jaya Mobilindo
OX16102413114002051,Duta Motor
GCD-20686,Carstock
GCD-12695,D Auto
GCD-20693,Kandang Mobil 69
GCD-20252,Logos Auto Show
GCD-20707,CNR Mobilindo
GCD-20336,Sorum Berkah Motor
GCD-3247,Kay Mobilindo
GCD-20703,Mitra Mulya Mobilindo
GCD-20716,Bintang Sinar Global
GCD-4154,Saluran Berkat
GCD-8576,A3 Lisyah Mobilindo
GCD-20631,Serpong Sakti Motor
GCD-20641,GRN Auto
GCD-20698,Bali Mobilindo
GCD-20733,Sorumedia
GCD-3202,Morris Mobilindo
GCD-1572,Allen Jaya Motor
GCD-20723,Fatcal Auto Cars
GCD-20704,Brotherhood Mobil
GCD-20721,I'AM Auto
GCD-19155,GNG Auto
GCD-20330,Sumber Rizki Motor
GCD-11458,Perdana Motor
GCD-20732,Saigon Jaya Mobilindo
GCD-3615,UD Fadil Mobilindo
GCD-20735,Dea Sukses Mobil
GCD-16238,Gunawan Mobilindo
OX07112413112202178,Syafa Auto Mobil
GCD-20738,Mitra Abadi
GCD-20728,SHEREN MOBIL BEKAS
GCD-20734,Second Car
GCD-20740,Bkladot Jaya Garage
GCD-20689,WK Mobilindo
GCD-12045,CV. ACA JAYA
GCD-20709,SPD Jaya Mobilindo
GCD-3456,Kurnia Jaya Mobil
GCD-6740,GMC Auto Mobilindo
GCD-20655,Garasi Autos
GCD-20749,Rumah Semut Mobilindo
GCD-3017,JH Auto
GCD-20751,Yogi Mobilindo
GCD-20747,Makmur Abadi Motor
GCD-20731,Maju Berkah Mobil
GCD-20729,Deluxe Auto Car
GCD-20742,MP Mobilindo
GCD-4470,Arya Mobilindo (Palembang)
GCD-20746,Aqila Mobil
GCD-20210,Alamanda Mobilindo
GCD-20701,Diandra Mobil 88
OX08112413311902188,FT Mobilindo
GCD-5070,Zafar Mobilindo
GCD-20659,Tembel Auto Cars
GCD-20469,Growing Mobilindo
GCD-6255,CV. Riau Auto Mobil
GCD-2942,HB Motor
GCD-20754,Garasi D-Mank
GCD-20626,Nuansa Jaya Mobilindo
GCD-4253,Mukti Raudhoh Motor
GCD-20755,Firelia Garage Mobilindo
GCD-20756,Tip Top Auto
GCD-20583,BBS Mobil
GCD-9569,Athor Mobilindo
GCD-20712,Fitroh Mobil
GCD-7896,Bersama Mobil
GCD-2787,Gemilang Mobil
GCD-7294,Dela Jaya Mobilindo
GCD-5271,RB Mobilindo
GCD-20750,RCL Mobil
GCD-20766,Arza Mobil
GCD-20730,PT. New Barokah Motor
GCD-19830,Batigo Showroom
GCD-20702,Mint Mobil
GCD-20780,Bejo Usedcar
GCD-20769,Doa Ibu Garage
GCD-20768,Daffa Mobilindo
GCD-20757,RNS Mandiri Motor
GCD-20717,Gudang Jaya Mobilindo
GCD-20772,Sago Auto
GCD-20767,Showroom Abi Motor
GCD-20777,Rumi Motor
GCD-12985,Darma Motor
GCD-20786,Sruni Auto 97
GCD-2718,Zae Motor
GCD-25046,AW Mobilindo - Pekanbaru
GCD-20776,Serasan Mobilindo
GCD-4270,Menara Bintang
GCD-1811,Dwi Jaya Mobilindo
GCD-20793,Japan Auto
GCD-3352,Oto Jaya Riau
GCD-20761,Fadli Mobil
GCD-4428,Mjm mobilindo
GCD-2853,Kim Motor
GCD-2744,Satria Putra Utama Motor
GCD-2671,Rumah Mobil - SBY
GCD-2239,KK Mobil
GCD-20773,Marzha Mobilindo
GCD-4465,SMB Mobilindo
GCD-20790,GB Garage
GCD-20798,PT. NAWA SENA MOTOR
GCD-20799,CV. RASIMA MOBILINDO
GCD-20360,Duta Mobilindo
GCD-20779,Almer Mobilindo
GCD-2469,Dasta Motor 2
GCD-6917,Ulin Autocars
GCD-20811,King Car's
GCD-9343,Cahaya Abadi Auto Mobil
GCD-20804,AZZAM JAYA AUTO
GCD-17386,Erbama Auto
GCD-20795,Ulin Motor
GCD-20630,BJ Auto Car
GCD-20115,Z Auto Car
GCD-8811,FAJAR MOBILINDO
GCD-13039,Tirta Purnama Mobilindo
GCD-20161,Kim Auto Car
GCD-2443,Berkah Utama Mobil
GCD-21003,Adidaya Motor
OX26112415082702448,Aira Auto Car
GCD-20802,Raziq Motor
GCD-17708,Tunas Jaya Auto Car
GCD-10017,BKS MOBILINDO
GCD-20520,Stadium Used Car
GCD-10682,Utama Berkah Mobil
GCD-20607,Garasi Rijlun
GCD-20822,Jendela Auto
GCD-2834,Fatan's Auto
GCD-20371,RR Mobilindo - Ramditia Dwi Amanto
GCD-12124,Samilan Jaya Dua Mobil
GCD-20484,Absari Motor
GCD-20817,Adiba Mobilindo
GCD-16707,CV Kerabat Motor
GCD-13737,Nur Mobilindo
GCD-20825,Rejeki Jaya Mulya
GCD-9131,Tri Kurnia Mobilindo
GCD-20417,Fortune Garage
GCD-20661,Pratama Mobilindo
OX29112420281602464,Said Auto54
GCD-8874,Dunia Herman Mobil
GCD-5053,AR 88 Auto Car
GCD-20832,SS Mobilindo - Jabo
GCD-20837,Ganesha mobilindo
GCD-4499,Arya Mobilindo - Panji Arya
GCD-20601,Andhika Putra Motor
GCD-5079,OKKY BERKAH LANCAR
GCD-20622,Eleanor motorcars
GCD-20833,Prima Mobilindo
GCD-20653,Humaira Mobilindo
GCD-215,Orbit Motor
GCD-6500,Sidya motor
GCD-20337,Kusuma Auto Mobil
GCD-20830,Fadhilah Mobilindo
GCD-20831,Kevin Motor - Pekanbaru
GCD-20044,Ali Motor Mobilindo
GCD-20565,Himalaya Auto
GCD-20621,Allea Sejahtera Mobilindo
GCD-20153,Mandiri Jaya Motor
GCD-3806,Galuh Auto Raya
GCD-2392,Ivo Mobil
GCD-20855,Belva Mobilindo
GCD-20852,AV Mobil
GCD-20285,Auto Barokah Mobilindo
GCD-20978,Ghulam Garage
GCD-20584,Mutiara Mobilindo
GCD-20319,Berkah Lancar Mobilindo
GCD-20089,Den Bagus Mobilindo
GCD-9865,Pime Motor
GCD-6356,Yassin Mobil
GCD-20864,88 Mobilindo
GCD-20845,Azra Motor
GCD-10189,Showroom Agung Mobilindo
GCD-20851,Garasi Abi
GCD-17255,Jaya Terang Mobil
GCD-20850,DBS Mobil
GCD-20820,Rema Motor
GCD-10090,Prema Bhakti Utama
GCD-20741,Sakura Auto Mobilindo
GCD-20884,22 Era Mobilindo
GCD-20847,Yuriyu Mobil
GCD-20856,Asoby Mobil
GCD-20523,Abdul Mobilindo
GCD-20844,Ncek Garage Loji
GCD-7541,Rasya Khaisan Mobilindo
GCD-11507,Satria Mobilindo Jaya
GCD-20828,Cantika Auto
GCD-10070,Axel Mobil
GCD-16186,Cipta Jaya Makmur
GCD-20181,CV AMANAH SOLUTION
GCD-3830,Harmoni Mobil
GCD-20250,Jaya Mobilindo
GCD-10786,Radar Motor
GCD-20872,Mobil Bekas Bogor
GCD-20859,Krakatau Auto Car
GCD-20265,Keizh Auto
GCD-20843,Sultan cars
GCD-20470,Semar Motor
GCD-20357,WD Auto Garage
GCD-12405,Jhon Motor
GCD-20662,PT. Prime Mobil Solutions - TRIIVCO
GCD-19354,Teratai Motor
GCD-20613,Anugrah Jaya Motor
GCD-20861,Abadi Cars Galeri
GCD-20673,Dhifa Autocars
GCD-20842,Sat Set Mob Mobilindo
GCD-20542,Reiky 06 Mobilindo
GCD-20157,Mulyos abadi mobil
GCD-3364,Rahayu Oto
GCD-9665,Ar Rozzaq Auto
GCD-17327,Laris Motor
GCD-17469,JJ Auto
GCD-2470,Sandjungan Mobil
GCD-14367,VICKY JAYA MOBIL
GCD-6494,Gym Mobil
GCD-12685,NRV Mobilindo
GCD-7698,Aishe Mobil
GCD-8499,Three Star Mobilindo
GCD-6900,Osabi Cars
GCD-20377,Elgon Auto Car
GCD-20447,Secret Auto Garage
GCD-20800,Berkah Utama Mobilindo
GCD-9856,Valen Mobil
GCD-20175,Doni Motor
GCD-20195,Bombom Autocar
GCD-6721,Bro Mobil
GCD-12471,Arrayan Motor
GCD-20763,Garasi Autocar
GCD-20171,Rayyan Mobil
GCD-20593,Hamdara Motor
GCD-20579,KM 11 Garage
GCD-20252,Logos Auto Show
GCD-6313,DhepHe Mobil
GCD-20835,SH Motor
GCD-5502,Garasi Pak E
GCD-1682,RF Mobil
GCD-20876,Ry Auto
GCD-20853,N'cek Garage
GCD-20696,Chadev Motor's Jaya
GCD-11154,Gladiol Motor
GCD-20878,Dacars Surabaya
GCD-20560,Kirana Mobil
GCD-6421,Nanda Auto
GCD-20788,Safal Auto
OX12122422585602624,Rezky Jaya Mobilindo
GCD-20880,Putra Sadam
GCD-20866,Ayraa Mobil
GCD-20834,LIL Mobilindo
GCD-20841,Sukses Bersama Mobil
GCD-5457,Auto One
GCD-8069,Santika Indo Perkasa
GCD-20848,Garasi Kana
GCD-20882,Ami Jaya Auto
GCD-17774,JR Motor
GCD-20931,Askar Mobilindo
GCD-7841,Heldi auto car
GCD-3123,Plaza Mobil
GCD-10158,Ghizha Mobilindo
GCD-9763,PT. Tridatu Sejahtera Mobilindo - TSM Mobilindo
GCD-20873,RR Motor
GCD-20317,Garasi E05
GCD-20446,Elite Car
GCD-20857,Marcel Mobilindo
GCD-20892,Hanan Jaya Mobilindo
GCD-20869,AK Autocars
GCD-20631,Serpong Sakti Motor
GCD-20891,SIMBOLON SHOWROOM
GCD-13564,Dua Putra Mobil
GCD-20612,Win Mobilindo
GCD-20791,Dassura Jaya Mobil
GCD-3086,Sabena Motor 2
GCD-12949,ASC Motor
GCD-20690,FANIFA MOBILINDO
GCD-20840,KEMBAR JAYA MOTOR
GCD-20570,Adam Sembilan
GCD-20899,Bintang Mobil
GCD-20648,Kha-R Mobilindo
GCD-20901,CV Karunia Lancar Abadi
GCD-20599,Garasi Temen
GCD-20329,M'bils Project Mobilindo
GCD-5527,Jangkar Auto Mandiri
GCD-20336,Sorum Berkah Motor
OX11122411525102591,Achiles mobilindo
GCD-6489,FARHAN MOBILINDO
GCD-5349,Sumber Barokah Mobil 1
GCD-20155,Sargas Jaya Motor
GCD-5363,Srikandi Motors
GCD-20903,ETH MOBIL
GCD-20430,Nabila Autocar
GCD-4228,Java Motor
GCD-20874,MQ Autos
GCD-4412,Sriwijaya Mobilindo
GCD-19407,Shaveera Mobilindo
GCD-20906,PT. MITRA PERMATA KOKOH
GCD-20881,CV GASKEN MOBILINDO
GCD-18889,Garasi 4 Unsur
GCD-20390,Jaya Raya Motor
GCD-20887,Raffa Jaya Mobil
GCD-2239,KK Mobil
GCD-8624,King 89 Auto Mobil
GCD-5323,Nafa Mobilindo
GCD-19381,Mobilo
GCD-7717,Andrey Motor
GCD-20849,CV. SYAM ANUGRAH MOBILINDO
GCD-20823,Kipli Automobile
GCD-20862,DAFFAIKO AUTO
GCD-11368,Family Garage
GCD-20111,Wiz Garage
GCD-20908,Gading Motor
GCD-20659,Tembel Auto Cars
GCD-10785,DNA Garage
GCD-20543,Best Deal Auto
GCD-20977,DOT GARAGE
GCD-12943,Umul Jaya Mobil
GCD-16502,Garasi Kandang
GCD-6446,Begja Motor
GCD-20278,Aka Mobil
GCD-20909,Doa Umak Auto
GCD-20373,BTM Reborn Yogyakarta
GCD-20821,Kelvin Motor
GCD-20917,Seruni Mobil
GCD-20451,PE Mobil
GCD-20919,Cahaya Motor
GCD-20920,Anda Auto
GCD-20501,Fawaz Garage
GCD-20910,Keysha mobilindo
GCD-20550,ADI DANANJAYA MOTOR
GCD-21041,Gilang Mobil
GCD-20923,Rakina jaya motor
GCD-20147,Basunjaya Mobil
GCD-20865,Rudi Mobil
GCD-20444,Garage Darell NR
GCD-7774,Auto29
GCD-20911,Hidayah Mobilindo
GCD-2356,AAA NAULI JAYA GROUP
GCD-20178,Widhi Motor
GCD-20953,MMB Autocars
GCD-1019,Banyumas Motor
GCD-20937,Duta mobil
GCD-20652,GM Autocar
GCD-6589,Alam Mobil
GCD-18933,Salman Mobil
GCD-20907,CV DUO SEKAWAN AUTO
GCD-20936,Bsc auto
GCD-20893,Three's Auto
GCD-20282,Twin Car
GCD-14115,C'mung Mobil
GCD-20466,Ghania Mobilindo
GCD-20376,Permata Motor
GCD-20940,NRT Garage
GCD-20586,Iriyanti Mobilindo
GCD-20895,Yanto's YMS
GCD-20083,Mutiara Mobil
GCD-5375,Mobil Second Keren
GCD-20144,Garasi 28
GCD-4882,AA Mobil
GCD-5231,AA Jaya Mobil
GCD-20743,Yourcars_ID
GCD-20947,Mandiri Jaya Mobil
GCD-21011,MQ Auto
GCD-5875,Dian Mobil
GCD-19827,Dwi Putra Auto
GCD-20925,Ray Automotive
GCD-12193,Triwara Motor
GCD-18360,Buwana Mega motor
GCD-16449,SB Jaya Motor
GCD-15012,Kartika Mandiri Mobilindo
GCD-21004,Mardison Mobilindo
GCD-20955,Ratu Mobilindo
GCD-10528,ATM showroom
GCD-4264,Zio Autocars
GCD-18426,AB Auto
GCD-20933,Habibie Oto Batam
GCD-20932,Ganda Perkasa Automotive
GCD-20952,Kappe Used Car
GCD-14413,Karya Utami Motor
GCD-12595,Cakil Auto
GCD-20321,YB Auto
OX27122407440302763,Ckf Showroom
GCD-5324,Alvinra Motor
GCD-20956,Eka Jaya Motor
GCD-20954,Tayo Mobil
GCD-20942,Ardo Mobilindo
GCD-4738,Garasi Jadoel
GCD-14009,Wildan Mobile
GCD-20951,Revandra Mobil
GCD-20943,UD. Manik Mobil
GCD-20959,OC & YU SHOWROOM
GCD-20498,SA Auto
GCD-20961,Junior Auto
GCD-20958,Warrior Auto Car
GCD-20677,Jaya Motor - Palembang
GCD-20706,Adhora Jaya Mobilindo
GCD-20970,Pondok 14
GCD-20963,Tomtom Garage
GCD-20960,Karro Mobil
GCD-20964,Glenn Auto
GCD-20957,Agus Buana Mobilindo
GCD-20985,Samudera Motor
GCD-2331,Aurellia Auto Galery
GCD-20969,Bintang Mobilindo
GCD-4663,Gadim Motor
GCD-19999,PT. Madeceng Abadi Motor
GCD-3208,Andhika Motor
GCD-4437,Sisi Garage Auto
GCD-20228,Dewata
GCD-15393,JB Mobil 88
GCD-20918,Farah Garage
GCD-20962,Bima Auto
GCD-20980,Istana Hijau Motor Ponorogo
GCD-20916,Beryl Oto Mandiri
GCD-20966,GG Putra Motor
GCD-20967,Garasi Nadia
GCD-20974,Garage Project91
GCD-20975,CV. Wahid Anugerah Mobilindo
GCD-20930,Central Auto Car
GCD-21054,BKT Auto
GCD-8682,KW Motor
GCD-20877,Sumber Rezeki Motor
GCD-5626,Udin Motor
GCD-14305,Pap's Auto
GCD-20987,FD Auto Car
GCD-9868,Wahyu Dewata Motor
GCD-20984,Showroom BK Automotive
GCD-20986,Tempe Jaya Mobil
GCD-15046,Barokah Jaya Group
GCD-20292,Barra Auto Garage
GCD-20989,Garasi Panbers Mobil
GCD-20991,Bagus Wawan Mobil
GCD-20590,SS Mobilindo
GCD-20152,European Automotive House
GCD-20510,Taksu Garage
GCD-4562,R&R Auto
GCD-15083,Air 47 Garage
GCD-20992,Sahabat Mobil
GCD-4154,Saluran Berkat
GCD-20898,Auto Flame
GCD-20988,Ma Mulya Motor 2
GCD-19566,KK Jaya Motor
GCD-4093,Asar Mobilindo
GCD-20355,I Like This Car
GCD-12925,Citra Mobil
GCD-20946,Markaz Auto
GCD-21038,Ansel Mobilindo
GCD-21023,Depot 8 Mobil
GCD-20783,PT. Indo Motor Automotive
GCD-20994,Berkah Jaya Mobil - SMG
GCD-20385,PT. Sekawan Motor Hub
GCD-21002,Jennaira Garage
GCD-20995,CV Exiss Jaya Utama (Exiss Mobilindo)
GCD-20997,Om Ded Mobilindo
GCD-20999,Beringin Auto
GCD-21000,PT. BATU JOLANG SERANTAU
GCD-19717,Elfana Motor
GCD-14067,Berkah Dalem Mobilindo
GCD-21015,Portal Mobil
GCD-20680,PT. Trend Automotive Indonesia
GCD-18734,Anugrah Motor
GCD-21008,96 Mobil
GCD-20996,Mandiri Motor - Jogja
GCD-14969,Deuz Auto Garage
GCD-20193,Wastu Jaya Motor
GCD-20516,Asr Mobilindo
GCD-21073,Artomoro Motor
GCD-13262,Arsy Autocar
GCD-20993,KJM Motor
GCD-7256,El Mobilindo Jaya
GCD-21016,Star Showroom
GCD-14164,JAG Auto
GCD-21044,DSR Maju Mobilindo
GCD-21019,Batik Mobilindo
GCD-20568,AA+ Auto Cars
OX16112420311802331,Yulis Motor
GCD-21039,VanDame Tri 99
GCD-20803,Begja Mobil
GCD-20929,Sahabat Motor
GCD-21024,Marchel Mobilindo
GCD-21037,Family Autocar
GCD-21034,Garasi Amg
GCD-11246,SC Mobilindo
GCD-20562,YY Mobilindo
GCD-13513,Multijaya Victory Motor
GCD-20556,AY Project
GCD-21035,Naff Motor
GCD-20981,Kevin Auto Sukses
GCD-5794,Putra Sidakarya Motor
GCD-3396,Arfan Sultan Motor
GCD-21046,Catur's Garage
GCD-5853,Sentul Motor 9
GCD-8949,Kyky Mobilindo
GCD-21032,OB Mobilindo (Obing Mobil)
GCD-21056,Dream Car Abadi
GCD-20711,PT. Pekanbaru Auto Solutions
GCD-21050,Javas Auto Car
GCD-21047,ST Mobilindo
GCD-20867,Vcar Mobilindo
GCD-10016,Ayudia Mobilindo
GCD-16237,Sinar Pahala Motor
GCD-21055,Torrus Garage
GCD-21049,Chairah Berkah Mobil
GCD-21030,Silaen Mobil
GCD-21042,Lancar Motor 2
GCD-21059,Ry Mobilindo
GCD-12871,Retro Car Garage
GCD-8677,Oxcy Motor
GCD-21045,Gun's Auto
GCD-21061,Leo Car
GCD-21064,Latansa Motor
GCD-21029,Gajah Barong Motor
GCD-8966,Golden Car
GCD-21013,Duloh Motor
GCD-21067,Diva Auto Car
GCD-20459,Hakim Motor Indonesia
GCD-21065,Laksana Garage
GCD-21069,Rezqiano Mobil
GCD-6577,Tayo Mobilindo
GCD-21072,PT Hiliran Gumati
GCD-20458,Ram's Garage
GCD-21120,Arjuna Mobilindo
GCD-21010,Laris Motor - Bekasi
GCD-20279,Rayhan Putra Mobilindo
GCD-21077,Bintang Utama Mobilindo
GCD-20481,Dwi Artha Mobilindo
GCD-21075,WB Autogarage
GCD-21058,Galang Motor
GCD-20363,Jhon Garage
GCD-21095,NUSANTARA 08 MOBIL
GCD-21060,Krisna Jaya Mobil
GCD-21083,Mala Wardana Mobilindo
GCD-21040,Top Mobil
GCD-8963,Al Zaidan Mobilindo 2
GCD-16922,Suci Motor
GCD-2821,Devryn Autocars
GCD-21085,Koalisi Mobil
GCD-6027,Mandiri Motor - Eduard
GCD-19890,PT. Bedul Auto Car
GCD-21051,Adhityaa Auto Garage
GCD-20154,Araya Garage
GCD-21111,CV. Vano Auto Mobilindo
GCD-21036,KK Mobil - Lili
GCD-7435,CV Sugih Makmur Motor
GCD-21086,Sinar Anugerah Motor
GCD-21082,Intan Mobil
GCD-21093,Fadila GT Motor
GCD-21079,Singgasana Harta Jaya Abadi
GCD-21070,Willy Motor
GCD-21129,Saddam Mobil
GCD-13507,Rifadil Barokah Motor
GCD-21084,Corner Garage
GCD-25015,Ujang Motor
GCD-20839,PT. Zam Auto Bandung
GCD-20340,BMAC Garage
GCD-4705,Niki 23 Mobil
GCD-21152,Garasi Gue
GCD-9621,QQ Auto Car
GCD-20596,DFM Used Car
GCD-25014,Permata Auto Car
GCD-21100,Alghifari Auto Cars
GCD-20503,Kea Cars
GCD-21097,Garasi Banana 3
GCD-16579,Mobilku Laku
GCD-3846,MTU Mobil
GCD-19418,Hilal Mobilindo
GCD-21109,Stars Mobil
GCD-12042,Naminan Auto
GCD-25013,Ardy Autocar
GCD-21102,Zona Auto Car
GCD-20905,CV Sabar Auto
GCD-9017,UD Dwi Guna Motor
GCD-21103,Garasi Cello
GCD-21031,PT. Plaza Auto Mobilindo
GCD-21107,Mahajaya Motor
GCD-21110,Rezkia Showroom
GCD-6904,Azza Mobilindo
GCD-7178,Zidan Auto Mobil
GCD-3809,Daf Media Kreasi Motor
GCD-21021,Beranda Autos
GCD-21108,Ry Maju Mobilindo
GCD-21114,Berkah Auto Mobil
GCD-21113,Mahkota Mobilindo
GCD-21112,Rokky Garage
OX04122422402402507,Sun 89 Mobilindo
GCD-20367,Raja Mobil
GCD-21057,Nusantara Mobil
GCD-4149,Alva Alvi Motor
GCD-21118,Slamet Motor
GCD-16380,ABR Jaya Motor
GCD-20366,Queens Auto
GCD-17984,Ran Mobil
OX12122409290002607,Olinko Garage Car Second
GCD-12302,Second Garage
OX18022522361203200,Prabu Mobilindo
GCD-21146,Riau Automobil
GCD-433,Gloria Motor
GCD-20976,Orbit Autocars
GCD-21123,Gan Mobilindo
GCD-14810,Elthalase Car
GCD-20405,Angon Mobil
GCD-7696,Nabosi Mobil
GCD-20126,Tom Mobilindo
GCD-17090,Risma Bolay Motor
GCD-21124,Dede Didi Auto
OX09122417261002560,Shakty Mobilindo
GCD-21131,Xnder's Garage
GCD-21138,Ric Autocars
GCD-20602,Rosita Motor Bogor
GCD-7829,Tugu Jaya Mobil
GCD-2158,Mikail Motor
OX21022510252603225,Auras Motor
GCD-21130,Jayo Merato Mobilindo
GCD-6948,Queen Mobil
GCD-21136,27 Carsell
GCD-21140,Area Mobil
GCD-17219,Amorh Mobil
GCD-20551,Bless Mobilindo
GCD-11319,GS Autocars
GCD-7707,Idham auto mobilindo
GCD-21091,Zayn Mobilindo
OX07122411300402533,Arsyla Motor
GCD-20160,Mutiara Motor - Rusianah
GCD-20069,Wibowo Auto
GCD-17363,A5 Auto Mobil
GCD-21119,BW Second Car Pku
OX27022514422103283,Makmur Mobil
GCD-21142,Mandiri Motor - Bekasi
OX22022517325803241,Rayzen Mobilindo
GCD-21122,Adi Permana Mobilindo
GCD-21143,ZR Auto Mobilindo
GCD-21147,Mitra Central Mobilindo
GCD-21148,Aka Mobilindo
GCD-21141,Raja Mobilindo
GCD-20200,Sumber Barokah Mobil Malang 09
OX15022509563403161,Hamid Mobilindo
GCD-25050,Medari Autocars
GCD-19271,Syafira 21 Autocars
GCD-25004,Heri Mobilindo
GCD-20362,DSRT
GCD-25001,MCC AUTO
GCD-5077,Rizky Sofhia Mobilindo
GCD-17198,Success 88 Mobil
GCD-21135,NK Mobilindo
GCD-25010,Intan Mobil
GCD-20132,HRS Autocar
GCD-5554,Bjo Mobilindo
GCD-25002,Star Garage
GCD-12437,CV. Jagok Auto Mobil
GCD-2183,Metro Auto
GCD-19424,Suara Multi Mobilindo
GCD-20592,Ken Mobilindo - Malang
GCD-20312,Garasi Mobil
OX08012514022902836,Ardhana Mobil
OX24022521540303259,Eyza Mobilindo
GCD-25005,Agus Motor
GCD-11259,Oto Sam
GCD-21154,DK 1 Mobil
GCD-25006,Raya Automotive
GCD-2497,Bintang Timur Motor
GCD-3950,Dana Motor Abadi
GCD-21144,Uwais Mobil
GCD-25028,Desti Mobilindo
GCD-25012,USB Mobilindo
GCD-20473,GPS Auto
GCD-17052,Kenzie Mobilindo
GCD-12476,Jaya Motor
GCD-20595,Aura Mobilindo
GCD-8803,Banat Motorcars
GCD-18866,Elgin Auto Garage
GCD-9469,Max Clean Garage
GCD-2409,Ineeas Mobil
GCD-25021,Arya Mandiri
GCD-20277,Arick Motor
GCD-25025,ASR Garage
GCD-25024,Central Used Car
GCD-25022,Panji Mobilindo
GCD-25026,Used Car Semarang
OX21022517480203233,BNV Mobil
GCD-6245,Rizky Motor
GCD-21101,Gandhi Otomobli
GCD-25033,Jeje Motor
GCD-25009,Friend Auto Car
GCD-5439,Nabilla Mobilindo
GCD-25178,Lancar Maju Jaya (LMJ) Mobil
GCD-5236,Cemara Mobilindo
GCD-25037,Ino Mobilindo
GCD-12861,UD Setyo
GCD-21150,UD Anjaya
GCD-25034,Carplus
GCD-20090,Fa'iz Motor
GCD-21128,Masdhi Jaya Motor
GCD-25035,Mandan Auto Mobil
GCD-10329,Roda Empat Garage
GCD-3939,Viratama Mobilindo
GCD-20096,Hand Mobilindo
GCD-19272,Garasi Ryu
GCD-25049,RRM Auto Car
GCD-21104,Rusdi Motor
GCD-20928,Evan Motor
GCD-2558,RJ Mobilindo
GCD-20345,Archie Mobil
GCD-25017,PTS Autos
GCD-4165,AB Mobil Semarang
GCD-25016,Arkana Showroom
GCD-25039,Abadi Mobil
GCD-21151,Mitra Motor - Palembang
GCD-25043,Radja Mobilindo
GCD-7546,Sumber Rejeki Mobilindo
GCD-25044,Arkana Motor Klaten
GCD-5511,Tombo Ati Mobil
GCD-21115,Bertuah Mobilindo
GCD-21121,Bolon Jaya Mobilindo
GCD-13232,Miliartha Mobil
GCD-25047,BJBM
GCD-8249,SHS Garage Klaten
GCD-25063,RNB Garage
GCD-25053,Widia Motor
GCD-3403,JLC Jaya Motor
GCD-12798,Kedai Mobil Semarang
GCD-25074,Deenan Auto
GCD-6674,Arjuna Afada Mobil
GCD-25065,Aina Mobilindo
GCD-20372,Garage 99
GCD-25048,Prima Jaya Mobilindo
GCD-2239,KK Mobil
GCD-8075,Gepeng Mobilindo
GCD-25008,Anggi Motor - Gresik
GCD-25088,CV. Dafiz Auto Mobilindo
GCD-13653,Era Oto Garage
GCD-20299,Abas Jaya Mobilindo
GCD-20467,Rim Used Car
GCD-25059,Donima Autocars
GCD-25064,A1 Mobil - Semarang
GCD-25062,Manggala Auto
GCD-25056,Rafasya Mobilindo
GCD-20972,Cipta Niaga Garage
GCD-5710,Parna Motor
GCD-25066,Rio Mobil
GCD-25092,MNS Jaya Group Motor
GCD-25067,Mobil Jakarta
GCD-25068,Mulya Mobilindo
GCD-25069,Jeemz 88 Mobilindo
GCD-9375,TBA Auto Mobil
GCD-25071,Viva mobilindo
OX17022515375103174,WD Mobil
GCD-25114,Koin Motor
GCD-25090,Pacifik Mobilindo
GCD-25077,Azis Auto
GCD-25072,Sri Bintang Jaya Mobil
GCD-25079,JJ Auto - Palembang
GCD-21127,TUBANAN BARU MOTOR
GCD-25098,HAFI JAYA MOTOR
GCD-25080,Capital Auto
GCD-5410,Sandro Autocars
GCD-4306,Didik Mobil
GCD-25085,3P Auto Car
GCD-18618,One Way Motor
GCD-25093,Balbilar car
GCD-20649,Asikin Auto 69
GCD-25150,Ceisya Garage
GCD-5548,Felice Mobilindo
GCD-21133,Kolmas 49 motor
GCD-25081,RJ Garage
GCD-25087,KAV Automobil
OX14032513235703379,Khasya Motor
GCD-25104,Shena Rezeki Motor
GCD-25070,Taruna Mobilindo
GCD-25143,Garasi DPM
GCD-13292,Pro Mobil
GCD-25084,Junior Mobilindo
GCD-25094,Jo Mobilindo
GCD-25095,Garasi Bozz
GCD-25073,Mahkota Mobilindo - Pekanbaru
GCD-2867,Fikri Motor
GCD-3424,Sugihan Motor
GCD-25097,F06 Salon Mobil
GCD-20106,Rafly Motor
GCD-25132,Red Auto Car
GCD-20499,Sadim Mobil
GCD-25083,CV. Anugrah Ilmu
GCD-25100,Ivan'k Auto
OX05022515244203086,Jaya Bersama Mobil
GCD-25128,Berkah Mobilindo
GCD-25101,NAN Motor
GCD-25162,Hasna Mobilindo
GCD-25055,Baim Jaya Mobil
GCD-1352,Sentul Motor 11
GCD-25110,Retro Garage Mobilindo
GCD-25119,Rakha Auto Car
GCD-25112,Sea Mobilindo
GCD-20670,3D Mobil
GCD-25054,Marcel Autos
GCD-20894,Rafa Garage
GCD-18423,Mahaprana Motor
GCD-25118,Srius
OX15042519582103500,Acay Mobilindo
GCD-20725,Ramzy Mobilindo
GCD-25078,Cardova Showroom
GCD-25129,Arc Usedcar
GCD-25091,D Mobilindo
GCD-25130,Garasi Sritt
GCD-20500,Yes Toya Mobilindo
GCD-5872,Moria Autocar
GCD-17599,Fahri Jaya Motor
GCD-25124,GM Auto Cars Mobil
GCD-20613,Anugrah Jaya Motor
GCD-25127,Cahaya Mobil
GCD-3724,Al & dy mobil
GCD-25135,Bestdeal Auto
GCD-25134,3-RF Abadi Cars
GCD-16004,Allison Automobile
GCD-8155,MAP Car
GCD-25136,Castello Cars
GCD-12970,Ar-razzaq Auto
GCD-25139,Kevin Mobilindo
GCD-5638,BROCAR
GCD-25141,Baba Jaya Auto
GCD-25138,Al Jaya Mobil
GCD-20045,Dua Putra Jaya Mobil
GCD-25121,Aji Garage Medan
GCD-25146,Daffa Auto
GCD-25148,Ye Mobilindo
GCD-25142,Berlian Motor - Surabaya
GCD-25177,Suryandari Motor
GCD-25076,As Berkah Mobilindo
GCD-25102,Atha 2nd Cars
GCD-25147,Farel Mobilindo
GCD-25122,Pelangi Mobil - Medan
GCD-25152,Moto Maven
GCD-25325,Berkah Mobil
GCD-25158,Fajar Mobil
GCD-12042,Naminan Auto
GCD-25155,Dindin Autos
GCD-20662,PT. Prime Mobil Solutions - TRIIVCO
GCD-21031,PT. Plaza Auto Mobilindo
OX21032505115703435,Zahwa Auto Car
GCD-25161,Sinar Utama Motor
GCD-3694,SJM Rajawali Motor
GCD-25126,Kharisma Jaya Mobil
GCD-25163,Bina Putra Mobilindo
GCD-25165,Kevin Auto Car
GCD-25156,Mubarok Mobil
GCD-25207,Budi Jaya Mobil
GCD-25166,Redika Mobilindo
GCD-20914,Garasi 27
GCD-25169,RK Auto Mobilindo
GCD-25167,Autoraze Used Car
GCD-25164,Rakha Jaya Motor
GCD-25181,B&A Mobilindo
GCD-25174,Bara Motor
GCD-25175,WR Auto
GCD-7011,Garuda Garage
GCD-25185,Permata Auto - Batam
GCD-25183,Automobil22
OX18032514200803409,Jai Motor
GCD-25182,Berkat Jaya Motor
GCD-25144,DG AUTO CAR
GCD-12511,Qia Mobilindo
GCD-25096,Ummu Mobilindo
GCD-21058,Galang Motor - BSS
GCD-20987,FD Auto Car
GCD-25173,WT Auto Galery
GCD-25168,Grandis Garage
GCD-25186,Rashwa Mobilindo
GCD-25125,Boyolali Motor
GCD-25107,Dongki Motor
GCD-2818,Berkah Mobil - Medan
GCD-25205,Deca Mobilindo
GCD-25195,Pelangi Mobil - Batam
GCD-25196,Jaya Kalindo Mobil
GCD-25218,Arif Motor
GCD-3159,CV Arjuna Barokah
GCD-20352,PT Palembang Premier Cars
GCD-25204,Pratama Jaya Mobilindo
GCD-25210,Prabu Auto Batam
GCD-25211,Garasi Gadung
GCD-25217,New Mobil Top
GCD-11507,Satria Jaya Mobilindo
OX30042511252403575,Rohmad Motor
GCD-25189,3MJ Mobilindo
GCD-25197,Restu Mobilindo
GCD-20783,PT Indo Motor Automotive.
GCD-25221,Difan Mobil
GCD-25145,FR 99 Mobil
GCD-25212,Shakila Motor
GCD-25219,Auto77 Garage
GCD-16354,HSP Mobilindo
GCD-25208,Syafa Mobilindo
GCD-4049,Cahaya Sejahtera Mobil
GCD-3749,Nugroho Mobil
GCD-25198,Cahaya Mobilindo
GCD-25329,TONGRA MOBILLINDO
GCD-25228,Showroom Car 88
GCD-25213,Showroom Mobil Lazuardi Auto
GCD-25253,King Mobil
GCD-25238,89 Cars
GCD-25105,Garasi 99 Mobil
GCD-25241,Tiga Jaya Garage
GCD-25215,HGM Auto
GCD-25193,CV. Favio Motor Mobilindo
GCD-25244,Dany Motor
GCD-5146,RCA Mobilindo
GCD-25248,Dimas Autocars
GCD-25259,Dhie Transco Garage
GCD-8585,CV Sahabat Motor Automotive
GCD-25237,Sekawan Mobilindo
GCD-25246,Garasi Kusumo
GCD-25242,Anugrah Otomotif
GCD-25251,Sentral Mobilindo
GCD-4371,Maharani Motor
GCD-25254,Alif Auto
GCD-25301,DC Autocars
GCD-25260,Aliando auto car
GCD-25255,OS Car
GCD-25270,Mobifastotocar88
GCD-25243,Kharisma Mobil
GCD-14213,Asrafi Jaya Motor
GCD-25259,Dhie Transco Garage
GCD-25306,Maiden Autos
GCD-25287,Munir Motor
GCD-25269,Muria Mobil
GCD-25264,Jong Java Garage
GCD-25271,Rajawali Mobil
GCD-25233,Wawan Auto Garage
GCD-25247,Vito Auto Garage
GCD-20189,Zavi Auto
GCD-25265,Dir Auto
GCD-16301,Rhevan Autocars
GCD-18870,Chalista Motor
GCD-20554,Kaisar Jaya Mobilindo
GCD-20459,Hakim Motor Indonesia
GCD-25286,Tanisha Motor
GCD-12533,Bintang Fausta Motor
GCD-25275,Saraswati Motor
GCD-25292,Dreofisya Auto Garage
GCD-17743,BB8 Garage
GCD-25267,My Mobilindo
GCD-25297,CV Gumbers Auto
GCD-25282,Adian Mobilindo
GCD-25296,Wilda Jaya Motor
GCD-25293,Rico Mobilindo
GCD-25303,Wong Cars
GCD-12040,Auto Second 88
GCD-25562,99 Jaya Motor
GCD-25310,Jaya Mobilindo - Batam
GCD-25418,Bersama Auto Batam
GCD-25323,Pangeran Mobil
GCD-25341,44 Garage Car
GCD-25313,Akses Mobil 2
GCD-25319,Cendrawasih Garage
GCD-25320,ACTP Car
GCD-25311,Garasi Loh
GCD-25322,PB Mobilindo
GCD-20386,Paparaja Oto Mandiri
GCD-25336,Surya Indo Mobil
GCD-14154,Sony Mobilindo
GCD-25318,Auto Cuan Mobilindo
GCD-25330,Hikmah Anugrah Mobilindo
GCD-25281,Hikmah Mobilindo
GCD-25328,Audi Mobilindo
GCD-25365,Jima Mobilindo
GCD-25321,Aditya Used Car
GCD-6592,D&D Jaya Mobil
GCD-25328,Audi Mobilindo
GCD-25335,RAR Autogarage
GCD-11566,Surya Bagus Mobilindo
GCD-25291,Givi Auto Car
GCD-16300,Anugerah Mobil
GCD-17978,Rafi Garage
GCD-25337,Aulia Motor
GCD-25327,Rizki Lestari Mobilindo
GCD-21100,Alghifari Auto Cars
GCD-25324,Gun Mobilindo
GCD-25351,Nicho Mobil
GCD-25268,Habibi Malang
GCD-25358,CSR Used Car
GCD-25354,Lucky Diaverly Mobil
GCD-25357,Dboys Auto Car
GCD-25342,Rizky Mobilindo
GCD-25379,Orion Showroom
GCD-4957,ADR Autocars
GCD-25377,Addhua Garage Trek
GCD-6179,Gytha Mobilindo
GCD-2361,Sule Jaya Motor
GCD-2331,Aurellia Auto Galery
GCD-25372,Mazen Auto Mobil
GCD-25378,Mr. Cen Auto
GCD-25362,Sheryl Mobilindo
OX23072519420003852,Alfarezi Motor
GCD-25326,Queen Auto
GCD-21125,Shaka Car's
GCD-5536,Priyaji Auto Show
GCD-25381,Tirta Jaya Mobil
GCD-25385,Uda Auto
GCD-25290,Bintang Motor Selatan
GCD-25370,Keinarra Mobilindo Tangerang
OX27072512382403865,Harapan Panjang Mobilindo
GCD-25392,Showroom Farhan Auto
GCD-4844,AB Autojakal
GCD-25371,Dua Putri Auto
GCD-25395,Barokah Motor
GCD-25397,DR Mobilindo
GCD-8241,Garasi Banana
GCD-4761,Wibawa Mobilindo
GCD-18576,AKDESINA JAYA MOTOR
GCD-25363,Delisha Mobilindo
GCD-25407,Arasyid Auto Car
OX05082522371203889,EM Garage
GCD-25396,Carex Auto
GCD-25406,Ara Autocars
GCD-25413,Jermal Motor
GCD-3482,Sentul Motor 8
GCD-25393,Asa Car
GCD-20234,Zidan Auto Cars
GCD-25412,Bringin Jaya Mobil
GCD-25411,PT Tanjung Gadang Berkah
GCD-25403,Arjuna Auto Car - Semarang
GCD-25414,Ragil Mobil
GCD-16264,101 Garage
GCD-25422,Garas Street 27
GCD-25423,Khalid Mobil
GCD-25430,Sanjaya Mobil
GCD-25424,Nasya Mobilindo
GCD-25401,Dulur Mobilindo
GCD-25386,Linsaka Mobilindo
GCD-25445,Warkop Shurta Mobil
GCD-25475,A2 Motor
GCD-15437,Showroom Hendrik Auto Mobil
GCD-25438,Ujung Lapan Auto
GCD-25437,Mardika RBT Motor
GCD-25440,Mobilku
GCD-13370,Berkah Jaya Mobil
GCD-25417,Wijaya Mobilindo
OX13082521422403943,DC2 Auto Second
GCD-25444,Sentul Motor 6
GCD-25462,1001 Garasi Showroom
GCD-25429,Mas Motor
GCD-25456,NB Auto
GCD-25460,DS Motor
GCD-25459,Toko Mobil 88 Malang
GCD-25432,Jaya Abade Auto
GCD-25471,Sudarso Jaya Motor
GCD-3258,Cahaya Bintang Mandiri Mobil
GCD-25461,Garasi MK
GCD-4537,Berkah Jaya Mobilindo - CEPI
GCD-25512,Eka Mobilindo
GCD-25415,Tohari Mobil
GCD-25510,Edho Mobilindo Cukanggalih 2
OX01092509145004013,Pratama Mobilindo
GCD-25465,Kawai Mobilindo
GCD-20326,788 Mobilindo
GCD-25355,Garasi Gubernur
GCD-4275,Putra Manday Mobilindo
GCD-25481,Berkah Auto - Batam
GCD-25458,Bagus Auto Pekanbaru
GCD-25473,Sapu Angin Motor
GCD-25479,BaraQ
GCD-25490,Bursa Mobil Serang
GCD-25597,Sera Motor
GCD-25448,Boss Automobil
GCD-25480,Purnama Motor
GCD-18853,Rizki Anugerah Mobilindo
GCD-25496,JG Mobil
GCD-8766,Nau Autocars
GCD-25531,Car Showroom
GCD-25469,Garasi Elite Mobilindo
GCD-25497,Kamora Mobilindo
GCD-25492,AAA Mobil
GCD-25482,Cibel Jual Beli Mobl
GCD-25488,Mas Ashar Mobil Semarang
GCD-25507,Kembara Showroom Mobilindo
GCD-25676,Buana Mobilindo
GCD-25494,Kaje Mobil
OX03092517160604018,Gemilang Auto Car
GCD-25457,Anugrah Mandiri Automobile
GCD-25503,A2 Mobilindo
GCD-7879,Citra Jaya Mobilindo
GCD-25514,Tritama Mobilindo
GCD-25509,Metallica Mobil
GCD-25504,Boys On The Wheels
GCD-25524,Dermaga Motor
GCD-25493,Abdul Jalil Motor
OX30082522213504009,Rayyan 89 Auto Car
OX19092516010904086,26 Mobil
GCD-25380,GK Automoro
GCD-25486,Garasi Azka Mobilindo
GCD-25498,TS Mobilindo
GCD-25513,Maju Bersama Mobilindo
GCD-25472,Ferdinand Motor
GCD-25552,ABG Motor
GCD-25518,Kebagusan Jaya Motor 2
GCD-25658,Siger Auto
GCD-21097,Garasi Banana 3
GCD-25521,Showroom Mobil Bekas
GCD-25608,Tobi Garage
GCD-25599,K.Y.M Mobilindo
GCD-25528,Alvin Motor
GCD-25442,Triple AAA Mobilindo
GCD-20512,Jay Mobil
GCD-25539,Averroes Mobilindo
GCD-25536,AG Mobilindo
GCD-25527,Artha Mobilindo
GCD-25543,Jarwo Motor
OX11082515004603923,Obat Ganteng Mobil
GCD-8600,Mustika Jaya Auto
GCD-25561,Berkah Abadi Mobil
GCD-13579,Teuku Motor
GCD-25557,44 Auto Garage
GCD-25558,YS Mobilindo
GCD-16558,Tom's Garage
GCD-3788,Megalia Auto
GCD-25563,Showroom Automatic
GCD-25523,234 Motor
GCD-20737,Goods Auto Garage
GCD-25606,Semoga Berjaya Mobilindo
GCD-25575,Kembar Niaga Mobilindo
GCD-10803,Guna Artha Motor
GCD-25537,Performance Auto Garage
GCD-25576,Maju Jaya Mobilindo
GCD-25544,Darma One Motor
GCD-25587,Zoya Auto 99
GCD-25596,DJ Auto Mobilindo Batam
GCD-7231,AHD Motor
GCD-25567,Auto Gas Dealer
GCD-11492,Mega Auto Car
GCD-25600,GARASI 3D
GCD-271,Handy Autos
GCD-2670,Inti Mob
GCD-25604,Family Jaya Motor
GCD-8241,Garasi Banana
GCD-25605,Wijaya Mobil Semarang
GCD-25620,Shandy Motor
GCD-25613,Migunani Mobil
GCD-25616,Padjajaran Garage
GCD-20662,PT. Prime Mobil Solutions - TRIIVCO
GCD-19890,PT. Bedul Auto Car
GCD-20711,PT. Pekanbaru Auto Solutions
GCD-20839,PT. Zam Auto Bandung
GCD-21031,PT. Plaza Auto Mobilindo
GCD-9763,PT. Tridatu Sejahtera Mobilindo - TSM Mobilindo
GCD-25624,Owen Garage
GCD-25636,Haydar Motor
OX07102516335604126,Athur Mobilindo
GCD-20360,Duta Mobilindo
GCD-20115,Z Auto Car
GCD-20161,Kim Auto Car
GCD-3250,Kayla Top Mobil
GCD-3202,Morris Mobilindo
GCD-20586,Iriyanti Mobilindo
GCD-25557,44 Auto Garage
GCD-15012,Kartika Mandiri Mobilindo
GCD-25355,Garasi Gubernur
GCD-20980,Istana Hijau Motor Ponorogo
GCD-15822,NCang Mobilindo
GCD-25424,Nasya Mobilindo
GCD-20653,Humaira Mobilindo
GCD-20111,Wiz Garage
GCD-25615,Ivan Motor
GCD-20877,Sumber Rezeki Motor
GCD-9865,Pime Motor
GCD-20405,Angon Mobil
GCD-3424,Sugihan Motor
GCD-21119,BW Second Car Pku
GCD-20520,Stadium Used Car
GCD-2821,Devryn Autocars
GCD-3086,Sabena Motor 2
GCD-19682,Oxygen Motor
GCD-18778,De Juprai Auto Garage
GCD-25253,King Mobil
GCD-20459,Hakim Motor Indonesia
GCD-21121,Bolon Jaya Mobilindo
GCD-20376,Permata Motor
GCD-4275,Putra Manday Mobilindo
GCD-25486,Garasi Azka Mobilindo
OX29112509051904214,Allea Auto Car
GCD-7879,Citra Jaya Mobilindo
GCD-6904,Azza Mobilindo
GCD-18526,Prima Auto
GCD-21122,Adi Permana Mobilindo
GCD-19424,Suara Multi Mobilindo
GCD-25303,Wong Cars
GCD-25415,Tohari Mobil
GCD-20901,CV Karunia Lancar Abadi
GCD-20899,Bintang Mobil
GCD-20045,Dua Putra Jaya Mobil
GCD-16558,Tom's Garage
GCD-20285,Auto Barokah Mobilindo
OX24112518464904208,Amanah Mobilindo
GCD-2183,Metro Auto
GCD-19544,Jihan Mobilindo
GCD-20090,Fa'iz Motor
GCD-25633,Brilliant Garage
GCD-20106,Rafly Motor
GCD-25337,Aulia Motor
GCD-25494,Kaje Mobil
GCD-25080,Capital Auto
GCD-2497,Bintang Timur Motor
GCD-25507,Kembara Showroom Mobilindo
GCD-20292,Barra Auto Garage
GCD-20849,CV. SYAM ANUGRAH MOBILINDO
GCD-20345,Archie Mobil
GCD-20089,Den Bagus Mobilindo
GCD-25527,Artha Mobilindo
GCD-20044,Ali Motor Mobilindo
GCD-3788,Megalia Auto
GCD-25291,Givi Auto Car
GCD-20357,WD Auto Garage
GCD-13579,Teuku Motor
GCD-25604,Family Jaya Motor
GCD-13370,Berkah Jaya Mobil
GCD-3995,Rawza Auto Car
GCD-25479,BaraQ
GCD-25657,Abim Auto Car
GCD-21128,Masdhi Jaya Motor
GCD-20171,Rayyan Mobil
GCD-3364,Rahayu Oto
GCD-18866,Elgin Auto Garage
GCD-21037,Family Autocar
GCD-20960,Karro Mobil
GCD-25576,Maju Jaya Mobilindo
GCD-17369,Fenix Autocars
GCD-20372,Garage 99
GCD-9017,UD Dwi Guna
GCD-4761,Wibawa Mobilindo
GCD-20790,GB Garage
GCD-25074,Deenan Auto
GCD-20556,AY Project
GCD-25429,Mas Motor
GCD-21079,Singgasana Harta Jaya Abadi
GCD-25605,Wijaya Mobil Semarang
GCD-25543,Jarwo Motor
GCD-17255,Jaya Terang Mobil
GCD-21138,Ric Autocars
GCD-12471,Arrayan Motor
GCD-25182,Berkat Jaya Motor
GCD-6854,Ahmed 88 Mobilindo
GCD-11566,Surya Bagus Mobilindo
GCD-21144,Uwais Mobil
GCD-20881,CV GASKEN MOBILINDO
GCD-21047,ST Mobilindo
GCD-20446,Elite Car
GCD-25067,Mobil Jakarta
GCD-21058,Galang Motor
GCD-17469,JJ Auto
GCD-21045,Gun's Auto
GCD-13507,Rifadil Barokah Motor
GCD-17090,Risma Bolay Motor
GCD-25363,Delisha Mobilindo
GCD-20823,Kipli Automobile
GCD-20154,Araya Garage
GCD-25164,Rakha Jaya Motor
GCD-21100,Alghifari Auto Cars
GCD-21049,Chairah Berkah Mobil
GCD-25015,Ujang Motor
OX13012602411404277,Marselina
GCD-20802,Raziq Motor
GCD-25668,JS MOTOR - Tangerang
GCD-21104,Rusdi Motor
GCD-20821,Kelvin Motor
GCD-16963,Mia Motor
GCD-15956,J'Cars
GCD-16579,Mobilku Laku
GCD-20992,Sahabat Mobil
GCD-18423,Mahaprana Motor
GCD-20503,Kea Cars
GCD-20954,Tayo Mobil
GCD-20994,Berkah Jaya Mobil - SMG
GCD-17794,Ratu Jaya Motor
GCD-20622,Eleanor motorcars
GCD-20989,Garasi Panbers Mobil
GCD-8874,Dunia Herman Mobil
GCD-17052,Kenzie Mobilindo
GCD-7707,Idham Auto Mobilindo
GCD-4264,Zio Autocars
GCD-4651,Zupar Mobilindo
GCD-20799,CV. RASIMA MOBILINDO
GCD-21030,Silaen Mobil
GCD-25407,Arasyid Auto Car
GCD-20997,Om Ded Mobilindo
GCD-25378,Mr. Cen Auto
GCD-3736,Alea Motor
GCD-19431,ARN Motorcars
GCD-25287,Munir Motor
GCD-17566,Amanah Auto Garage
GCD-19830,Batigo Showroom
GCD-18933,Salman Mobil
GCD-20928,Evan Motor
GCD-21097,Garasi Banana 3
GCD-25473,Sapu Angin Motor
GCD-25067,Mobil Jakarta
GCD-25259,Dhie Transco Garage
GCD-20930,Central Auto Car
GCD-21140,Area Mobil
GCD-7752,SR Mobilindo - Dody
GCD-20367,Raja Mobil
GCD-25219,Auto77 Garage
GCD-25155,Dindin Autos
GCD-4663,Gadim Motor
GCD-8249,SHS Garage Klaten
GCD-25066,Rio Mobil
GCD-25044,Arkana Motor Klaten
GCD-20933,Habibie Oto Batam
GCD-8966,Golden Car
GCD-25493,Abdul Jalil Motor
GCD-25624,Owen Garage
GCD-20962,Bima Auto
GCD-20451,PE Mobil
GCD-25246,Garasi Kusumo
GCD-8075,Gepeng Mobilindo
GCD-21129,Saddam Mobil
GCD-18576,AKDESINA JAYA MOTOR
GCD-3123,Plaza Mobil
GCD-21016,Star Showroom
GCD-20542,Reiky 06 Mobilindo
GCD-25608,Tobi Garage
GCD-25096,Ummu Mobilindo
GCD-25597,Sera Motor
GCD-21086,Sinar Anugerah Motor
GCD-21004,Mardison Mobilindo
GCD-25510,Edho Mobilindo Cukanggalih 2
GCD-20859,Krakatau Auto Car
GCD-25471,Sudarso Jaya Motor
GCD-2625,Agung Jaya Motor
GCD-11492,Mega Auto Car
GCD-5080,A&D Mobilindo
GCD-25480,Purnama Motor
GCD-13232,Miliartha Mobil
GCD-25290,Bintang Motor Selatan
GCD-20195,Bombom Autocar
GCD-25469,Garasi Elite Mobilindo
GCD-25616,Padjajaran Garage
GCD-25679,Liris Barokah
GCD-20466,Ghania Mobilindo
GCD-25385,Uda Auto
GCD-5853,Sentul Motor 9
GCD-25509,Metallica Mobil
GCD-20362,DSRT
GCD-25342,Rizky Mobilindo
GCD-25177,Suryandari Motor
GCD-25642,Abby Prima Auto
GCD-20740,Bkladot Jaya Garage
GCD-20175,Doni Motor
GCD-20919,Cahaya Motor
GCD-21067,Diva Auto Car
GCD-3347,Mobil Bro&Sis
GCD-25465,Kawai Mobilindo
GCD-21118,Slamet Motor
GCD-19918,EX Motor
GCD-20777,Rumi Motor
GCD-25167,Autoraze Used Car
GCD-5410,Sandro Autocars
GCD-19708,Rafa Autocars
GCD-25587,Zoya Auto 99
GCD-25162,Hasna Mobilindo
GCD-19882,Haura Motor
GCD-25393,Asa Car
GCD-25444,Sentul Motor 6
GCD-21131,Xnder's Garage
GCD-17198,Success 88 Mobil
GCD-7256,El Mobilindo Jaya
GCD-7231,AHD Motor
GCD-1415,Mitra Cendikia Motor
GCD-4705,Niki 23 Mobil
GCD-25357,Dboys Auto Car
GCD-21059,Ry Mobilindo
GCD-20895,Yanto's YMS
GCD-25014,Permata Auto Car
GCD-4976,Swastika Raya Mobilindo
GCD-20321,YB Auto
GCD-20872,Mobil Bekas Bogor
GCD-25459,Toko Mobil 88 Malang
GCD-25173,WT Auto Galery
GCD-25107,Dongki Motor
GCD-25025,ASR Garage
GCD-20892,Hanan Jaya Mobilindo
GCD-2819,TM Mobilindo
GCD-20947,Mandiri Jaya Mobil
GCD-4456,Rasyid Mobilindo
GCD-8576,A3 Lisyah Mobilindo
GCD-21151,Mitra Motor - Palembang
GCD-20767,Showroom Abi Motor
GCD-25442,Triple AAA Mobilindo
GCD-5439,Nabilla Mobilindo
GCD-20737,Goods Auto Garage
GCD-20803,Begja Mobil
GCD-25681,Mitra Auto Mobil
GCD-25207,Budi Jaya Mobil
GCD-20951,Revandra Mobil
GCD-20444,Garage Darell NR
GCD-3570,Imam Motor
GCD-20988,Ma Mulya Motor 2
OX07012618291804266,Showroom Willy Mobilindo
GCD-10803,Guna Artha Motor
GCD-20565,Himalaya Auto
GCD-21127,TUBANAN BARU MOTOR
GCD-21142,Mandiri Motor - Bekasi
GCD-1000099,Apink Jaya Motor
GCD-10016,Ayudia Mobilindo
GCD-5363,Srikandi Motors
GCD-25043,Radja Mobilindo
GCD-20200,Sumber Barokah Mobil Malang 09
GCD-25048,Prima Jaya Mobilindo
GCD-20132,HRS Autocar
GCD-18483,Auto Jakarta Cars
GCD-25002,Star Garage
GCD-25024,Central Used Car
GCD-1000074,Ternak Motor
GCD-19155,GNG Auto
GCD-5880,Tidar Motor
GCD-25504,Boys On The Wheels
GCD-19654,Mahesa Mobil Kreo
GCD-20999,Beringin Auto
GCD-1000121,Ghibran Mobilindo
GCD-25001,MCC Auto
GCD-25114,Koin Motor
GCD-20701,Diandra Mobil 88
GCD-18187,Sadarika Garage
GCD-20065,SR Mobilindo (Iman)
GCD-20601,Andhika Putra Motor
GCD-20612,Win Mobilindo
GCD-16186,Cipta Jaya Makmur
GCD-4590,Ryan Mobilindo
GCD-7815,Triwara Motor
GCD-21095,NUSANTARA 08 MOBIL
GCD-21002,Jennaira Garage
GCD-7774,Auto29
GCD-25537,Performance Auto Garage
GCD-19693,Gaharu Mobilindo
GCD-431,Salman Auto Mobilindo
GCD-20026,Refiani Autos
GCD-3470,Mutiara Mobilindo - Chusnul
GCD-25143,Garasi DPM
GCD-18822,Drive it Motto
GCD-25438,Ujung Lapan Auto
GCD-20178,Widhi Motor
GCD-19297,Putri Tunggal Motor
GCD-20975,CV. Wahid Anugerah Mobilindo
GCD-25418,Bersama Auto Batam
GCD-20790,GB Garage
GCD-21127,TUBANAN BARU MOTOR
GCD-10189,Showroom Agung Mobilindo
GCD-19514,Kevin Motor
GCD-25035,Mandan Auto Mobil
GCD-18304,Zafa Mobilindo
GCD-1352,Sentul Motor 11
GCD-18927,Garasikaka
GCD-3939,Viratama Mobilindo
GCD-11319,GS Autocars
GCD-1000202,TCR Auto Garage
GCD-15556,Kerinci Motor
GCD-4882,AA Mobil
GCD-19906,HD Car's
GCD-15733,Ranu Jaya Mobil
GCD-4432,Sentul Motor 1
GCD-25492,AAA Mobil
GCD-25365,Jima Mobilindo
GCD-25379,Orion Showroom
GCD-8766,Nau Autocars
GCD-13653,Era Oto Garage
GCD-21072,PT Hiliran Gumati
GCD-13262,Arsy Autocar
GCD-25247,Vito Auto Garage
GCD-25600,GARASI 3D
GCD-25291,Givi Auto Car
GCD-16301,Rhevan Autocars
GCD-20326,788 Mobilindo
GCD-16186,Cipta Jaya Makmur
GCD-15393,JB Mobil 88
GCD-25306,Maiden Autos
GCD-20974,Garage Project91
GCD-1000155,Auto Pratama Garage
GCD-5638,BROCAR
GCD-20777,Rumi Motor
GCD-1000162,Fair Autocar
GCD-21056,Dream Car Abadi
GCD-25600,Benteng Garage
GCD-1000162,Fair Autocar
GCD-25657,Abim Auto Car
OX13042615035504351,Bali Mesari Mobilindo
GCD-20363,Jhon Garage
GCD-20946,Markaz Auto
GCD-19781,Emerha Garage
GCD-25668,JS MOTOR - Tangerang
GCD-3470,Mutiara Mobilindo - Chusnul
GCD-15733,Ranu Jaya Mobil
GCD-18304,Zafa Mobilindo
GCD-17011,NAGAMAS MOBIL