UCF Code,Status,City L1
GCD-271,Active,Jabodetabek
GCD-15622,Frozen,Jabodetabek
GCD-15651,Frozen,Jabodetabek
GCD-3087,Active,Jabodetabek
GCD-7491,Frozen,Jabodetabek
GCD-731,Frozen,Jabodetabek
GCD-13207,Frozen,Jabodetabek
GCD-15629,Frozen,Jabodetabek
GCD-840,Blacklisted,Jabodetabek
GCD-2819,Active,Jabodetabek
GCD-13824,Blacklisted,Jabodetabek
GCD-9758,Blacklisted,Jabodetabek
GCD-15822,Active,Jabodetabek
GCD-15976,Blacklisted,Jabodetabek
GCD-15710,Active,Jabodetabek
GCD-578,Blacklisted,Jabodetabek
GCD-2272,Blacklisted,Jabodetabek
GCD-747,Blacklisted,Jabodetabek
GCD-3700,Active,Jabodetabek
GCD-9404,Active,Jabodetabek
GCD-2002,Active,Jabodetabek
GCD-3995,Active,Jabodetabek
GCD-16950,Blacklisted,Jabodetabek
GCD-5352,Blacklisted,Jabodetabek
GCD-2719,Frozen,Jabodetabek
GCD-17369,Active,Jabodetabek
GCD-8302,Blacklisted,Jabodetabek
GCD-3312,Active,Jabodetabek
GCD-2656,Active,Jabodetabek
GCD-17335,Blacklisted,Jabodetabek
GCD-8830,Active,Jabodetabek
GCD-11589,Blacklisted,Jabodetabek
GCD-17571,Blacklisted,Jabodetabek
GCD-12922,Blacklisted,Jabodetabek
GCD-17299,Blacklisted,Jabodetabek
GCD-2497,Active,Jabodetabek
GCD-1313,Blacklisted,Jabodetabek
GCD-490,Active,Jabodetabek
GCD-17829,Blacklisted,Jabodetabek
GCD-17903,Blacklisted,Jabodetabek
GCD-17913,Active,Jabodetabek
GCD-18002,Blacklisted,Jabodetabek
GCD-17937,Active,Jabodetabek
GCD-3062,Blacklisted,Jabodetabek
GCD-2670,Active,Jabodetabek
GCD-16388,Blacklisted,Jabodetabek
GCD-2625,Active,Jabodetabek
GCD-3547,Blacklisted,Jabodetabek
GCD-16679,Blacklisted,Jabodetabek
GCD-6854,Active,Jabodetabek
GCD-15782,Blacklisted,Jabodetabek
GCD-3081,Blacklisted,Jabodetabek
GCD-4714,Blacklisted,Jabodetabek
GCD-16811,Blacklisted,Jabodetabek
GCD-16442,Active,Jabodetabek
GCD-16812,Active,Jabodetabek
GCD-17119,Blacklisted,Jabodetabek
GCD-812,Blacklisted,Jabodetabek
GCD-16031,Frozen,Jabodetabek
GCD-2607,Blacklisted,Jabodetabek
GCD-15935,Frozen,Jabodetabek
GCD-16168,Frozen,Jabodetabek
GCD-16416,Active,Jabodetabek
GCD-8241,Active,Jabodetabek
GCD-4456,Blacklisted,Jabodetabek
GCD-15794,Blacklisted,Jabodetabek
GCD-8381,Frozen,Jabodetabek
GCD-16551,Blacklisted,Jabodetabek
GCD-15956,Active,Jabodetabek
GCD-16286,Blacklisted,Jabodetabek
GCD-13869,Active,Jabodetabek
GCD-17757,Blacklisted,Jabodetabek
GCD-18240,Blacklisted,Jabodetabek
GCD-13701,Blacklisted,Jabodetabek
GCD-17668,Active,Jabodetabek
GCD-2284,Active,Jabodetabek
GCD-973,Active,Jabodetabek
GCD-17920,Active,Jabodetabek
GCD-11372,Blacklisted,Jabodetabek
GCD-12325,Active,Jabodetabek
GCD-1409,Active,Jabodetabek
GCD-18378,Active,Jabodetabek
GCD-18804,Blacklisted,Jabodetabek
GCD-13345,Blacklisted,Jabodetabek
GCD-18273,Blacklisted,Jabodetabek
GCD-11448,Frozen,Jabodetabek
GCD-17923,Blacklisted,Jabodetabek
GCD-5223,Active,Jabodetabek
GCD-18857,Blacklisted,Jabodetabek
GCD-2932,Blacklisted,Jabodetabek
GCD-589,Active,Jabodetabek
GCD-18758,Blacklisted,Jabodetabek
GCD-17684,Active,Jabodetabek
GCD-18043,Blacklisted,Jabodetabek
GCD-581,Blacklisted,Jabodetabek
GCD-9919,Active,Jabodetabek
GCD-4040,Active,Jabodetabek
GCD-16963,Blacklisted,Jabodetabek
GCD-18718,Blacklisted,Jabodetabek
GCD-1826,Active,Jabodetabek
GCD-18597,Blacklisted,Jabodetabek
GCD-18611,Active,Jabodetabek
GCD-18761,Active,Jabodetabek
GCD-18736,Blacklisted,Jabodetabek
GCD-15899,Active,Jabodetabek
GCD-3350,Active,Jabodetabek
GCD-19001,Blacklisted,Jabodetabek
GCD-19087,Blacklisted,Jabodetabek
GCD-11021,Blacklisted,Jabodetabek
GCD-6402,Frozen,Jabodetabek
GCD-4976,Active,Jabodetabek
GCD-12763,Blacklisted,Jabodetabek
GCD-2590,Blacklisted,Jabodetabek
GCD-19189,Blacklisted,Jabodetabek
GCD-13989,Active,Jabodetabek
GCD-2754,Blacklisted,Jabodetabek
GCD-18927,Active,Jabodetabek
GCD-4420,Blacklisted,Jabodetabek
GCD-19288,Blacklisted,Jabodetabek
GCD-3649,Active,Jabodetabek
GCD-19122,Blacklisted,Jabodetabek
GCD-19213,Active,Jabodetabek
GCD-18453,Blacklisted,Jabodetabek
GCD-3347,Active,Jabodetabek
GCD-19242,Active,Jabodetabek
GCD-19254,Active,Jabodetabek
GCD-7908,Blacklisted,Jabodetabek
GCD-19264,Active,Jabodetabek
GCD-1788,Active,Jabodetabek
GCD-19109,Active,Jabodetabek
GCD-19299,Active,Jabodetabek
GCD-19290,Blacklisted,Jabodetabek
GCD-19291,Active,Jabodetabek
GCD-17986,Frozen,Jabodetabek
GCD-19286,Blacklisted,Jabodetabek
GCD-3250,Active,Jabodetabek
GCD-19343,Blacklisted,Jabodetabek
GCD-19248,Active,Jabodetabek
GCD-3257,Blacklisted,Jabodetabek
GCD-5983,Blacklisted,Jabodetabek
GCD-2660,Active,Jabodetabek
GCD-9324,Active,Jabodetabek
GCD-19245,Active,Jabodetabek
GCD-7708,Active,Jabodetabek
GCD-18230,Active,Jabodetabek
GCD-7752,Active,Jabodetabek
GCD-1780,Blacklisted,Jabodetabek
GCD-19175,Blacklisted,Jabodetabek
GCD-2453,Active,Jabodetabek
GCD-1728,Active,Jabodetabek
GCD-15005,Blacklisted,Jabodetabek
GCD-19397,Active,Jabodetabek
GCD-5080,Active,Jabodetabek
GCD-19411,Blacklisted,Jabodetabek
GCD-19617,Blacklisted,Jabodetabek
GCD-18728,Active,Jabodetabek
GCD-19463,Active,Jabodetabek
GCD-4739,Active,Jabodetabek
GCD-19512,Active,Jabodetabek
GCD-19297,Active,Jabodetabek
OX16112317002100112,Active,Jabodetabek
GCD-4987,Active,Jabodetabek
GCD-1816,Active,Jabodetabek
GCD-19105,Active,Jabodetabek
GCD-14619,Active,Jabodetabek
GCD-18778,Active,Jabodetabek
GCD-781,Blacklisted,Jabodetabek
GCD-19501,Blacklisted,Jabodetabek
GCD-19508,Active,Jabodetabek
GCD-19690,Active,Jabodetabek
GCD-1415,Active,Jabodetabek
GCD-19515,Blacklisted,Jabodetabek
GCD-19481,Blacklisted,Jabodetabek
GCD-17470,Active,Jabodetabek
GCD-15556,Active,Jabodetabek
GCD-19495,Active,Jabodetabek
GCD-19551,Blacklisted,Jabodetabek
GCD-3736,Active,Jabodetabek
OX08122315575700328,Active,Jabodetabek
GCD-19482,Active,Jabodetabek
GCD-19714,Active,Jabodetabek
GCD-3051,Active,Jabodetabek
OX14122321481200402,Active,Jabodetabek
GCD-19346,Blacklisted,Jabodetabek
GCD-15589,Blacklisted,Jabodetabek
GCD-3814,Blacklisted,Jabodetabek
GCD-15908,Blacklisted,Jabodetabek
GCD-19268,Blacklisted,Jabodetabek
GCD-13529,Active,Jabodetabek
GCD-2678,Active,Jabodetabek
GCD-19269,Active,Jabodetabek
GCD-2586,Active,Jabodetabek
OX21112312580300147,Active,Jabodetabek
GCD-19653,Blacklisted,Jabodetabek
OX07112321254200013,Active,Jabodetabek
GCD-7320,Active,Jabodetabek
GCD-19621,Active,Jabodetabek
GCD-19650,Blacklisted,Jabodetabek
GCD-14823,Active,Jabodetabek
GCD-1497,Blacklisted,Jabodetabek
GCD-3525,Active,Jabodetabek
GCD-5120,Active,Jabodetabek
GCD-5054,Active,Jabodetabek
GCD-20002,Active,Jabodetabek
GCD-18526,Blacklisted,Jabodetabek
GCD-19746,Blacklisted,Jabodetabek
GCD-4792,Active,Jabodetabek
GCD-1528,Active,Jabodetabek
GCD-3056,Blacklisted,Jabodetabek
GCD-19665,Active,Jabodetabek
OX27112309113900197,Active,Jabodetabek
GCD-19639,Blacklisted,Jabodetabek
GCD-19371,Active,Jabodetabek
GCD-19682,Active,Jabodetabek
GCD-2055,Blacklisted,Jabodetabek
GCD-19708,Active,Jabodetabek
GCD-3517,Active,Jabodetabek
GCD-19431,Active,Jabodetabek
GCD-4432,Active,Jabodetabek
GCD-19724,Blacklisted,Jabodetabek
GCD-1775,Active,Jabodetabek
GCD-19654,Active,Jabodetabek
GCD-19693,Active,Jabodetabek
GCD-2594,Active,Jabodetabek
GCD-5418,Blacklisted,Jabodetabek
GCD-3160,Active,Jabodetabek
GCD-19752,Active,Jabodetabek
GCD-19747,Active,Jabodetabek
GCD-19620,Blacklisted,Jabodetabek
GCD-3854,Blacklisted,Jabodetabek
GCD-1079,Active,Jabodetabek
GCD-19544,Active,Jabodetabek
GCD-11111,Blacklisted,Jabodetabek
GCD-16619,Blacklisted,Jabodetabek
GCD-19768,Active,Jabodetabek
GCD-19779,Active,Jabodetabek
GCD-18818,Active,Jabodetabek
GCD-19681,Blacklisted,Jabodetabek
GCD-5353,Active,Jabodetabek
GCD-19781,Active,Jabodetabek
GCD-8439,Active,Jabodetabek
OX18012413064000642,Active,Jabodetabek
GCD-4929,Active,Jabodetabek
OX24012417434900676,Active,Jabodetabek
GCD-3850,Active,Jabodetabek
GCD-19791,Blacklisted,Jabodetabek
GCD-19795,Blacklisted,Jabodetabek
GCD-18483,Active,Jabodetabek
GCD-17842,Active,Jabodetabek
GCD-19812,Active,Jabodetabek
GCD-19818,Blacklisted,Jabodetabek
GCD-5901,Active,Jabodetabek
GCD-18822,Active,Jabodetabek
GCD-5583,Active,Jabodetabek
GCD-19257,Active,Jabodetabek
GCD-1000,Blacklisted,Jabodetabek
GCD-4651,Active,Jabodetabek
GCD-19696,Blacklisted,Jabodetabek
GCD-1541,Blacklisted,Jabodetabek
GCD-19798,Active,Jabodetabek
GCD-1909,Active,Jabodetabek
GCD-9429,Active,Jabodetabek
GCD-19218,Active,Jabodetabek
GCD-19149,Active,Jabodetabek
GCD-19882,Active,Jabodetabek
GCD-14822,Active,Jabodetabek
GCD-17566,Active,Jabodetabek
GCD-13323,Active,Jabodetabek
GCD-3590,Blacklisted,Jabodetabek
GCD-5880,Active,Jabodetabek
GCD-3364,Blacklisted,Jabodetabek
OX22122315361300514,Active,Jabodetabek
GCD-18609,Blacklisted,Jabodetabek
GCD-15897,Blacklisted,Jabodetabek
GCD-19889,Blacklisted,Jabodetabek
GCD-6532,Active,Jabodetabek
GCD-3053,Active,Jabodetabek
GCD-19897,Active,Jabodetabek
GCD-19915,Active,Jabodetabek
GCD-19514,Active,Jabodetabek
GCD-19918,Active,Surabaya
GCD-19906,Active,Jabodetabek
GCD-1590,Active,Jabodetabek
GCD-19931,Active,Surabaya
GCD-19935,Active,Jabodetabek
GCD-19939,Active,Jabodetabek
GCD-5867,Active,Jabodetabek
GCD-19295,Active,Jabodetabek
GCD-19949,Blacklisted,Jabodetabek
GCD-19973,Active,Surabaya
GCD-2394,Active,Jabodetabek
GCD-16552,Active,Surabaya
GCD-19983,Active,Jabodetabek
GCD-19990,Active,Jabodetabek
GCD-5569,Blacklisted,Jabodetabek
GCD-15875,Active,Jabodetabek
GCD-19991,Active,Surabaya
GCD-2651,Active,Jabodetabek
GCD-20026,Active,Jabodetabek
GCD-17910,Blacklisted,Jabodetabek
GCD-20022,Active,Surabaya
GCD-6936,Blacklisted,Surabaya
GCD-5945,Blacklisted,Surabaya
GCD-20037,Blacklisted,Jabodetabek
GCD-11507,Blacklisted,Jabodetabek
GCD-12169,Blacklisted,Jabodetabek
GCD-20044,Active,Jabodetabek
GCD-20046,Blacklisted,Jabodetabek
GCD-2977,Blacklisted,Surabaya
GCD-20136,Blacklisted,Jabodetabek
GCD-20051,Active,Jabodetabek
GCD-20054,Blacklisted,Surabaya
GCD-4590,Active,Jabodetabek
GCD-18606,Active,Jabodetabek
GCD-3856,Active,Surabaya
GCD-10992,Active,Jabodetabek
GCD-16801,Blacklisted,Jabodetabek
GCD-19986,Blacklisted,Jabodetabek
GCD-20047,Blacklisted,Jabodetabek
GCD-10920,Blacklisted,Jabodetabek
GCD-18304,Blacklisted,Jabodetabek
GCD-19095,Active,Jabodetabek
GCD-20065,Active,Jabodetabek
GCD-20103,Active,Jabodetabek
GCD-19407,Blacklisted,Jabodetabek
GCD-19871,Blacklisted,Jabodetabek
GCD-20039,Active,Jabodetabek
GCD-20151,Active,Surabaya
GCD-4943,Blacklisted,Jabodetabek
GCD-2331,Blacklisted,Jabodetabek
GCD-1953,Blacklisted,Jabodetabek
GCD-18889,Active,Jabodetabek
OX22032416181700826,Active,Jabodetabek
GCD-19783,Active,Jabodetabek
GCD-20025,Blacklisted,Jabodetabek
GCD-20073,Active,Surabaya
GCD-20090,Active,Jabodetabek
GCD-3809,Active,Jabodetabek
GCD-7593,Active,Jabodetabek
GCD-2676,Active,Jabodetabek
GCD-20106,Active,Jabodetabek
GCD-20093,Active,Surabaya
GCD-20077,Blacklisted,Jabodetabek
GCD-19907,Blacklisted,Surabaya
GCD-20096,Active,Jabodetabek
GCD-20097,Active,Jabodetabek
GCD-18479,Blacklisted,Jabodetabek
OX23042414581700890,Active,Jabodetabek
GCD-20094,Active,Jabodetabek
GCD-6640,Active,Jabodetabek
GCD-20095,Active,Jabodetabek
GCD-20115,Active,Jabodetabek
GCD-19725,Active,Jabodetabek
GCD-17830,Blacklisted,Surabaya
GCD-4807,Active,Jabodetabek
GCD-18440,Active,Surabaya
GCD-20109,Active,Jabodetabek
GCD-20113,Blacklisted,Surabaya
GCD-20067,Active,Jabodetabek
GCD-20114,Blacklisted,Jabodetabek
GCD-19549,Active,Jabodetabek
GCD-6310,Blacklisted,Jabodetabek
GCD-6486,Active,Jabodetabek
GCD-7824,Blacklisted,Bandung
GCD-1476,Active,Jabodetabek
GCD-20089,Active,Jabodetabek
GCD-20104,Active,Jabodetabek
GCD-2183,Active,Jabodetabek
GCD-20121,Active,Jabodetabek
GCD-20084,Blacklisted,Jabodetabek
GCD-20124,Blacklisted,Surabaya
GCD-5200,Active,Jabodetabek
GCD-15786,Active,Surabaya
GCD-17012,Active,Surabaya
GCD-20078,Active,Jabodetabek
GCD-3933,Active,Bandung
GCD-18982,Blacklisted,Jabodetabek
GCD-20069,Active,Jabodetabek
GCD-20135,Blacklisted,Jabodetabek
GCD-20020,Active,Jabodetabek
GCD-20132,Active,Surabaya
GCD-20129,Active,Jabodetabek
GCD-20134,Active,Jabodetabek
GCD-10948,Blacklisted,Surabaya
GCD-20110,Blacklisted,Jabodetabek
GCD-20082,Blacklisted,Jabodetabek
GCD-5891,Active,Bali
GCD-10169,Active,Bali
GCD-1682,Blacklisted,Surabaya
GCD-11259,Blacklisted,Bali
GCD-20128,Active,Jabodetabek
GCD-16912,Active,Bandung
GCD-6965,Active,Bali
GCD-10090,Active,Bali
GCD-10241,Active,Bali
GCD-20154,Blacklisted,Surabaya
GCD-20157,Active,Surabaya
GCD-20144,Blacklisted,Jabodetabek
GCD-20150,Active,Bandung
GCD-2158,Active,Jabodetabek
GCD-20153,Active,Bandung
GCD-3518,Active,Jabodetabek
GCD-20162,Active,Jabodetabek
GCD-4228,Active,Bandung
GCD-6621,Active,Jabodetabek
GCD-20075,Active,Surabaya
GCD-20160,Active,Jabodetabek
GCD-10040,Active,Bali
GCD-20152,Active,Jabodetabek
GCD-20180,Blacklisted,Jabodetabek
GCD-16922,Active,Jabodetabek
GCD-15083,Active,Bandung
GCD-20158,Blacklisted,Jabodetabek
GCD-12405,Active,Jabodetabek
GCD-20171,Active,Surabaya
GCD-11368,Blacklisted,Surabaya
GCD-20172,Blacklisted,Surabaya
GCD-3123,Active,Jabodetabek
GCD-20227,Active,Jabodetabek
GCD-20080,Blacklisted,Jabodetabek
GCD-19876,Blacklisted,Jabodetabek
GCD-2712,Active,Jabodetabek
GCD-6716,Active,Bali
GCD-2670,Active,Jabodetabek
GCD-12948,Active,Jabodetabek
GCD-6494,Blacklisted,Surabaya
GCD-11910,Active,Bali
GCD-20187,Active,Bandung
GCD-19441,Blacklisted,Surabaya
GCD-20155,Blacklisted,Jabodetabek
GCD-2707,Blacklisted,Jabodetabek
GCD-20183,Active,Jabodetabek
GCD-12950,Active,Bali
GCD-13214,Active,Bali
GCD-17219,Active,Bali
GCD-14164,Blacklisted,Bandung
GCD-12124,Blacklisted,Bandung
GCD-13564,Active,Surabaya
GCD-17327,Active,Yogyakarta
GCD-5349,Active,Yogyakarta
GCD-9589,Active,Yogyakarta
GCD-12892,Blacklisted,Jabodetabek
GCD-20195,Active,Jabodetabek
GCD-20200,Blacklisted,Surabaya
GCD-3694,Active,Bandung
GCD-5053,Blacklisted,Yogyakarta
GCD-7698,Active,Semarang
GCD-20202,Blacklisted,Bandung
GCD-20199,Blacklisted,Surabaya
GCD-20204,Active,Surabaya
GCD-18502,Active,Surabaya
GCD-20182,Active,Jabodetabek
GCD-18862,Active,Surabaya
GCD-17199,Blacklisted,Jabodetabek
GCD-6313,Active,Jabodetabek
GCD-3963,Active,Jabodetabek
GCD-20208,Active,Surabaya
GCD-8095,Active,Yogyakarta
GCD-9665,Blacklisted,Yogyakarta
GCD-3934,Blacklisted,Semarang
GCD-20212,Blacklisted,Surabaya
GCD-4049,Active,Surabaya
GCD-19424,Active,Jabodetabek
GCD-3232,Active,Surabaya
GCD-19880,Blacklisted,Jabodetabek
GCD-5662,Blacklisted,Bandung
GCD-7011,Frozen,Yogyakarta
GCD-20447,Blacklisted,Yogyakarta
GCD-5875,Active,Yogyakarta
GCD-2718,Blacklisted,Jabodetabek
GCD-15115,Active,Surabaya
GCD-20091,Active,Yogyakarta
GCD-4342,Active,Jabodetabek
GCD-9865,Active,Surabaya
GCD-16186,Active,Surabaya
GCD-20176,Active,Bali
GCD-7439,Blacklisted,Surabaya
GCD-20083,Blacklisted,Surabaya
GCD-10030,Active,Bali
GCD-4284,Active,Jabodetabek
GCD-17386,Blacklisted,Jabodetabek
GCD-6574,Active,Bandung
GCD-2821,Blacklisted,Jabodetabek
GCD-20213,Active,Jabodetabek
GCD-7509,Active,Yogyakarta
GCD-20190,Active,Bandung
GCD-20175,Active,Jabodetabek
GCD-4102,Blacklisted,Jabodetabek
GCD-3311,Active,Jabodetabek
GCD-9621,Active,Jabodetabek
GCD-20178,Active,Bali
GCD-20264,Active,Jabodetabek
GCD-13624,Active,Bandung
GCD-20258,Active,Surabaya
GCD-2454,Active,Jabodetabek
GCD-12861,Blacklisted,Bali
GCD-12043,Blacklisted,Bandung
GCD-20248,Active,Bandung
GCD-10786,Blacklisted,Bandung
GCD-5853,Active,Jabodetabek
GCD-7717,Active,Yogyakarta
GCD-20225,Blacklisted,Jabodetabek
GCD-3676,Blacklisted,Bandung
GCD-20214,Active,Bandung
GCD-9670,Active,Bali
GCD-20277,Blacklisted,Bandung
GCD-1352,Active,Jabodetabek
GCD-20285,Active,Semarang
GCD-18792,Blacklisted,Jabodetabek
GCD-20267,Blacklisted,Jabodetabek
GCD-20279,Active,Jabodetabek
GCD-20364,Active,Surabaya
GCD-5527,Active,Bandung
GCD-10325,Active,Bali
GCD-13979,Blacklisted,Bali
GCD-10399,Active,Semarang
OX22062414050501275,Active,Bali
GCD-1357,Active,Jabodetabek
GCD-20229,Active,Bandung
GCD-16449,Active,Bandung
GCD-9017,Blacklisted,Bali
GCD-4093,Blacklisted,Bandung
GCD-5689,Active,Bali
GCD-20282,Active,Yogyakarta
GCD-9882,Active,Bali
GCD-20292,Active,Yogyakarta
GCD-7435,Blacklisted,Jabodetabek
GCD-19803,Active,Yogyakarta
GCD-19581,Blacklisted,Surabaya
GCD-20312,Active,Surabaya
GCD-19159,Blacklisted,Bandung
GCD-5324,Active,Semarang
GCD-20228,Blacklisted,Bandung
GCD-20299,Active,Surabaya
GCD-2913,Active,Jabodetabek
GCD-20278,Active,Yogyakarta
GCD-20311,Active,Surabaya
GCD-20250,Active,Bandung
GCD-11154,Active,Surabaya
GCD-3830,Blacklisted,Semarang
GCD-5458,Active,Semarang
GCD-11880,Active,Yogyakarta
GCD-20321,Active,Jabodetabek
GCD-11959,Blacklisted,Bandung
GCD-20317,Active,Jabodetabek
GCD-271,Active,Jabodetabek
GCD-6721,Active,Yogyakarta
GCD-8241,Active,Jabodetabek
GCD-20319,Blacklisted,Jabodetabek
GCD-20265,Active,Jabodetabek
GCD-20281,Blacklisted,Jabodetabek
GCD-16579,Active,Yogyakarta
GCD-20240,Active,Surabaya
GCD-20193,Active,Bandung
GCD-3513,Active,Jabodetabek
GCD-20271,Active,Surabaya
GCD-20726,Active,Jabodetabek
GCD-13541,Active,Yogyakarta
GCD-17469,Active,Yogyakarta
GCD-20275,Active,Bali
GCD-20329,Blacklisted,Bandung
GCD-20333,Active,Semarang
GCD-20306,Blacklisted,Yogyakarta
GCD-20354,Blacklisted,Yogyakarta
GCD-14809,Blacklisted,Jabodetabek
GCD-20326,Active,Jabodetabek
GCD-3939,Active,Jabodetabek
GCD-12533,Blacklisted,Yogyakarta
GCD-14699,Active,Bali
GCD-20339,Active,Surabaya
GCD-17730,Active,Surabaya
GCD-20307,Active,Jabodetabek
GCD-20342,Blacklisted,Jabodetabek
GCD-20340,Active,Yogyakarta
GCD-20345,Active,Yogyakarta
GCD-20338,Active,Jabodetabek
GCD-5502,Blacklisted,Yogyakarta
GCD-11225,Active,Surabaya
GCD-13133,Active,Surabaya
GCD-5442,Active,Yogyakarta
GCD-6900,Blacklisted,Yogyakarta
GCD-7409,Active,Bali
GCD-20256,Active,Bali
GCD-9996,Active,Bali
GCD-19381,Active,Surabaya
GCD-14305,Blacklisted,Jabodetabek
GCD-20357,Active,Jabodetabek
GCD-4584,Active,Semarang
GCD-20226,Active,Surabaya
GCD-20362,Active,Jabodetabek
GCD-20490,Active,Surabaya
GCD-20355,Blacklisted,Jabodetabek
GCD-16553,Blacklisted,Semarang
GCD-8075,Active,Semarang
GCD-20334,Blacklisted,Bandung
GCD-12350,Active,Bali
GCD-20365,Active,Jabodetabek
GCD-6723,Active,Bandung
GCD-4149,Blacklisted,Bandung
GCD-20501,Blacklisted,Semarang
GCD-20337,Active,Yogyakarta
GCD-4738,Active,Semarang
GCD-20466,Blacklisted,Jabodetabek
GCD-6257,Active,Jabodetabek
GCD-9720,Active,Bali
GCD-6564,Active,Semarang
GCD-20376,Active,Jabodetabek
GCD-5457,Blacklisted,Yogyakarta
GCD-12016,Active,Yogyakarta
GCD-19875,Blacklisted,Bali
GCD-8851,Active,Yogyakarta
GCD-6732,Blacklisted,Jabodetabek
GCD-3520,Blacklisted,Jabodetabek
GCD-20241,Active,Bali
GCD-8799,Active,Bali
GCD-3185,Active,Surabaya
GCD-20373,Active,Yogyakarta
GCD-5870,Active,Bali
GCD-3482,Active,Jabodetabek
GCD-20367,Active,Semarang
GCD-18888,Active,Jabodetabek
GCD-20138,Blacklisted,Jabodetabek
GCD-20399,Active,Jabodetabek
GCD-20360,Active,Semarang
GCD-20310,Active,Jabodetabek
GCD-16298,Active,Bandung
GCD-20288,Active,Jabodetabek
GCD-20410,Active,Semarang
GCD-8069,Active,Semarang
GCD-14699,Active,Bali
GCD-8768,Active,Semarang
GCD-20407,Blacklisted,Jabodetabek
GCD-11319,Active,Surabaya
GCD-10226,Blacklisted,Bandung
GCD-20363,Active,Surabaya
GCD-5642,Active,Bali
GCD-20372,Active,Surabaya
GCD-20383,Blacklisted,Surabaya
GCD-19739,Active,Bali
GCD-20377,Active,Jabodetabek
GCD-10154,Active,Bali
GCD-14009,Active,Semarang
GCD-20331,Blacklisted,Surabaya
GCD-15731,Active,Bali
GCD-20259,Blacklisted,Jabodetabek
GCD-20420,Active,Jabodetabek
GCD-5360,Active,Surabaya
GCD-20021,Active,Bali
GCD-20386,Active,Jabodetabek
GCD-13513,Active,Bali
GCD-20417,Blacklisted,Jabodetabek
GCD-20421,Blacklisted,Jabodetabek
GCD-19354,Active,Yogyakarta
GCD-20422,Blacklisted,Jabodetabek
GCD-9856,Blacklisted,Yogyakarta
GCD-8710,Active,Yogyakarta
GCD-20403,Active,Surabaya
GCD-8685,Active,Bali
GCD-20406,Active,Jabodetabek
GCD-20335,Active,Yogyakarta
GCD-17584,Active,Bandung
GCD-20435,Blacklisted,Jabodetabek
GCD-9469,Active,Yogyakarta
GCD-4844,Active,Yogyakarta
GCD-20437,Active,Semarang
GCD-20401,Active,Bandung
GCD-20390,Active,Jabodetabek
GCD-20424,Active,Surabaya
GCD-20405,Active,Semarang
GCD-20415,Active,Jabodetabek
GCD-20439,Blacklisted,Jabodetabek
GCD-19519,Active,Bali
GCD-20446,Active,Yogyakarta
GCD-20366,Blacklisted,Jabodetabek
GCD-20416,Active,Jabodetabek
GCD-5626,Active,Semarang
GCD-20550,Active,Bali
GCD-5122,Blacklisted,Semarang
GCD-20381,Active,Surabaya
GCD-19566,Active,Bandung
GCD-3171,Active,Jabodetabek
GCD-12193,Active,Bali
GCD-16442,Active,Jabodetabek
GCD-4388,Active,Jabodetabek
GCD-10785,Active,Surabaya
GCD-14413,Active,Bali
GCD-20427,Blacklisted,Jabodetabek
GCD-10636,Active,Bali
GCD-9870,Active,Bali
GCD-4887,Active,Yogyakarta
GCD-20455,Active,Semarang
GCD-13595,Active,Semarang
GCD-20459,Active,Surabaya
GCD-12685,Frozen,Yogyakarta
GCD-15892,Active,Bali
GCD-5625,Active,Bali
GCD-5639,Active,Bali
GCD-20371,Blacklisted,Bandung
GCD-20451,Active,Yogyakarta
GCD-2558,Active,Jabodetabek
GCD-19418,Blacklisted,Jabodetabek
GCD-20469,Blacklisted,Jabodetabek
GCD-20472,Active,Yogyakarta
GCD-17559,Active,Bali
GCD-3846,Blacklisted,Semarang
GCD-20443,Active,Jabodetabek
GCD-20432,Active,Jabodetabek
GCD-20458,Blacklisted,Jabodetabek
GCD-12970,Active,Bali
GCD-20440,Blacklisted,Jabodetabek
GCD-20298,Active,Jabodetabek
GCD-20370,Blacklisted,Jabodetabek
GCD-7231,Active,Jabodetabek
GCD-5323,Active,Jabodetabek
GCD-20161,Active,Surabaya
GCD-20425,Blacklisted,Bali
GCD-18203,Active,Semarang
GCD-6446,Active,Yogyakarta
OX16082410310201737,Active,Bali
GCD-20414,Active,Jabodetabek
GCD-20391,Active,Jabodetabek
GCD-20444,Active,Semarang
GCD-20481,Active,Bandung
GCD-20499,Active,Surabaya
GCD-20512,Active,Surabaya
GCD-2716,Active,Jabodetabek
GCD-3950,Active,Semarang
GCD-14115,Active,Yogyakarta
GCD-20503,Active,Semarang
GCD-20518,Blacklisted,Surabaya
GCD-4437,Active,Yogyakarta
GCD-13262,Blacklisted,Surabaya
GCD-14747,Active,Bali
GCD-4502,Active,Jabodetabek
GCD-7223,Active,Yogyakarta
GCD-20452,Active,Bandung
GCD-11566,Active,Bali
GCD-20520,Active,Surabaya
GCD-20507,Active,Surabaya
GCD-3806,Blacklisted,Bandung
GCD-20111,Active,Surabaya
GCD-20487,Blacklisted,Jabodetabek
GCD-5251,Blacklisted,Surabaya
GCD-20470,Active,Jabodetabek
GCD-20523,Active,Jabodetabek
GCD-17434,Active,Bali
GCD-20484,Active,Bandung
GCD-9904,Active,Bali
GCD-19926,Active,Jabodetabek
OX07082415541701655,Active,Semarang
OX09092418440401876,Active,Semarang
GCD-6402,Frozen,Jabodetabek
GCD-20540,Active,Jabodetabek
GCD-3055,Active,Jabodetabek
OX05082415074501616,Active,Jabodetabek
GCD-16502,Active,Yogyakarta
GCD-13160,Active,Yogyakarta
GCD-20534,Active,Jabodetabek
GCD-20473,Active,Semarang
GCD-20542,Active,Jabodetabek
GCD-19431,Active,Jabodetabek
GCD-5825,Active,Semarang
GCD-10139,Active,Semarang
GCD-20530,Active,Surabaya
GCD-20430,Active,Surabaya
GCD-20539,Blacklisted,Semarang
GCD-20565,Active,Jabodetabek
GCD-20548,Blacklisted,Semarang
GCD-4705,Active,Surabaya
GCD-3943,Active,Surabaya
GCD-11266,Active,Bali
GCD-20500,Active,Yogyakarta
GCD-7166,Active,Yogyakarta
GCD-20552,Active,Jabodetabek
GCD-5794,Blacklisted,Bali
GCD-20556,Active,Surabaya
GCD-16496,Active,Semarang
GCD-6904,Frozen,Yogyakarta
GCD-20562,Blacklisted,Semarang
GCD-18933,Active,Surabaya
GCD-18360,Active,Bali
GCD-8155,Blacklisted,Surabaya
GCD-5820,Active,Semarang
GCD-20559,Blacklisted,Surabaya
GCD-7707,Active,Semarang
GCD-10647,Active,Bali
GCD-10682,Active,Surabaya
GCD-16802,Active,Bali
GCD-6948,Blacklisted,Semarang
GCD-12471,Active,Jabodetabek
GCD-6234,Active,Surabaya
GCD-18384,Active,Surabaya
GCD-12925,Active,Semarang
GCD-20551,Blacklisted,Semarang
GCD-20543,Active,Yogyakarta
GCD-19779,Active,Jabodetabek
GCD-20330,Active,Jabodetabek
GCD-20464,Blacklisted,Jabodetabek
GCD-20536,Active,Surabaya
GCD-20584,Blacklisted,Jabodetabek
GCD-20618,Blacklisted,Jabodetabek
GCD-6854,Active,Jabodetabek
GCD-5363,Active,Yogyakarta
GCD-3459,Active,Surabaya
GCD-20586,Active,Yogyakarta
GCD-20568,Blacklisted,Jabodetabek
OX09092417115601874,Active,Semarang
GCD-20592,Active,Surabaya
GCD-12825,Active,Semarang
GCD-20595,Blacklisted,Palembang
GCD-20602,Active,Jabodetabek
GCD-20599,Blacklisted,Surabaya
GCD-20555,Active,Jabodetabek
GCD-20603,Blacklisted,Surabaya
GCD-5236,Active,Palembang
GCD-10016,Blacklisted,Palembang
GCD-14067,Active,Yogyakarta
GCD-20521,Active,Jabodetabek
GCD-20612,Blacklisted,Jabodetabek
GCD-5863,Blacklisted,Semarang
GCD-20613,Blacklisted,Jabodetabek
GCD-20601,Active,Jabodetabek
GCD-20454,Active,Jabodetabek
GCD-19172,Active,Surabaya
GCD-2670,Active,Jabodetabek
GCD-20593,Active,Semarang
GCD-20622,Blacklisted,Yogyakarta
GCD-18866,Active,Surabaya
GCD-20607,Blacklisted,Jabodetabek
GCD-20611,Active,Surabaya
GCD-20570,Active,Jabodetabek
GCD-18423,Active,Jabodetabek
GCD-20620,Blacklisted,Jabodetabek
GCD-20626,Active,Palembang
GCD-20560,Active,Semarang
GCD-20566,Active,Semarang
GCD-20621,Blacklisted,Palembang
GCD-5710,Active,Bali
GCD-12892,Blacklisted,Jabodetabek
GCD-20525,Active,Bali
GCD-20636,Active,Jabodetabek
GCD-5511,Active,Semarang
GCD-17708,Active,Palembang
GCD-9868,Active,Bali
GCD-20637,Active,Semarang
GCD-9131,Active,Palembang
GCD-20646,Blacklisted,Jabodetabek
GCD-20648,Blacklisted,Jabodetabek
GCD-20649,Active,Palembang
GCD-20639,Active,Surabaya
GCD-4562,Blacklisted,Palembang
GCD-20653,Active,Jabodetabek
GCD-16776,Active,Yogyakarta
GCD-12949,Active,Yogyakarta
GCD-20652,Active,Palembang
GCD-20661,Active,Palembang
GCD-20662,Active,Jabodetabek
GCD-6205,Active,Palembang
GCD-4412,Active,Palembang
GCD-5410,Active,Semarang
GCD-20658,Active,Palembang
GCD-20666,Blacklisted,Palembang
GCD-20660,Active,Jabodetabek
GCD-20677,Active,Palembang
GCD-5077,Active,Palembang
GCD-9763,Active,Bali
GCD-20670,Blacklisted,Semarang
GCD-20590,Active,Yogyakarta
GCD-20673,Active,Semarang
GCD-20685,Blacklisted,Jabodetabek
GCD-20651,Blacklisted,Jabodetabek
GCD-20676,Blacklisted,Medan
GCD-20684,Active,Jabodetabek
GCD-19827,Active,Bali
GCD-8584,Active,Palembang
GCD-3570,Active,Jabodetabek
GCD-20691,Blacklisted,Palembang
GCD-4881,Active,Palembang
GCD-20687,Active,Palembang
GCD-4455,Blacklisted,Palembang
GCD-3173,Active,Pekanbaru
OX16102413114002051,Active,Bali
GCD-20686,Active,Bandung
GCD-12695,Blacklisted,Palembang
GCD-20693,Blacklisted,Jabodetabek
GCD-20252,Active,Jabodetabek
GCD-20707,Active,Palembang
GCD-20336,Blacklisted,Surabaya
GCD-3247,Blacklisted,Jabodetabek
GCD-20703,Active,Surabaya
GCD-20716,Blacklisted,Jabodetabek
GCD-4154,Blacklisted,Semarang
GCD-8576,Blacklisted,Palembang
GCD-20631,Active,Jabodetabek
GCD-20641,Active,Yogyakarta
GCD-20698,Active,Palembang
GCD-20733,Blacklisted,Jabodetabek
GCD-3202,Active,Jabodetabek
GCD-1572,Blacklisted,Semarang
GCD-20723,Blacklisted,Medan
GCD-20704,Blacklisted,Medan
GCD-20721,Blacklisted,Palembang
GCD-19155,Frozen,Jabodetabek
GCD-20330,Active,Jabodetabek
GCD-11458,Active,Jabodetabek
GCD-20732,Blacklisted,Palembang
GCD-3615,Active,Pekanbaru
GCD-20735,Active,Medan
GCD-16238,Blacklisted,Pekanbaru
OX07112413112202178,Active,Pekanbaru
GCD-20738,Active,Pekanbaru
GCD-20728,Blacklisted,Medan
GCD-20734,Blacklisted,Pekanbaru
GCD-20740,Active,Medan
GCD-20689,Blacklisted,Palembang
GCD-12045,Active,Pekanbaru
GCD-20709,Active,Jabodetabek
GCD-3456,Active,Medan
GCD-6740,Blacklisted,Bandung
GCD-20655,Active,Bandung
GCD-20749,Blacklisted,Palembang
GCD-3017,Active,Jabodetabek
GCD-20751,Active,Jabodetabek
GCD-20747,Active,Semarang
GCD-20731,Blacklisted,Medan
GCD-20729,Blacklisted,Palembang
GCD-20742,Blacklisted,Palembang
GCD-4470,Active,Palembang
GCD-20746,Active,Medan
GCD-20210,Blacklisted,Jabodetabek
GCD-20701,Active,Jabodetabek
OX08112413311902188,Active,Pekanbaru
GCD-5070,Blacklisted,Jabodetabek
GCD-20659,Blacklisted,Palembang
GCD-20469,Blacklisted,Jabodetabek
GCD-6255,Active,Pekanbaru
GCD-2942,Active,Jabodetabek
GCD-20754,Blacklisted,Bandung
GCD-20626,Active,Palembang
GCD-4253,Blacklisted,Bandung
GCD-20755,Active,Palembang
GCD-20756,Active,Palembang
GCD-20583,Active,Medan
GCD-9569,Blacklisted,Palembang
GCD-20712,Active,Surabaya
GCD-7896,Active,Medan
GCD-2787,Active,Medan
GCD-7294,Blacklisted,Pekanbaru
GCD-5271,Active,Pekanbaru
GCD-20750,Active,Semarang
GCD-20766,Blacklisted,Medan
GCD-20730,Active,Pekanbaru
GCD-19830,Blacklisted,Batam
GCD-20702,Blacklisted,Medan
GCD-20780,Blacklisted,Surabaya
GCD-20769,Blacklisted,Palembang
GCD-20768,Blacklisted,Palembang
GCD-20757,Active,Batam
GCD-20717,Blacklisted,Jabodetabek
GCD-20772,Blacklisted,Batam
GCD-20767,Active,Palembang
GCD-20777,Frozen,Surabaya
GCD-12985,Active,Bali
GCD-20786,Active,Palembang
GCD-2718,Blacklisted,Jabodetabek
GCD-25046,Active,Pekanbaru
GCD-20776,Active,Palembang
GCD-4270,Active,Jabodetabek
GCD-1811,Active,Jabodetabek
GCD-20793,Active,Jabodetabek
GCD-3352,Active,Pekanbaru
GCD-20761,Blacklisted,Medan
GCD-4428,Blacklisted,Palembang
GCD-2853,Active,Pekanbaru
GCD-2744,Active,Pekanbaru
GCD-2671,Active,Surabaya
GCD-2239,Blacklisted,Surabaya
GCD-20773,Active,Pekanbaru
GCD-4465,Blacklisted,Palembang
GCD-20790,Active,Surabaya
GCD-20798,Active,Pekanbaru
GCD-20799,Active,Pekanbaru
GCD-20360,Active,Semarang
GCD-20779,Blacklisted,Bandung
GCD-2469,Active,Jabodetabek
GCD-6917,Blacklisted,Semarang
GCD-20811,Blacklisted,Palembang
GCD-9343,Blacklisted,Pekanbaru
GCD-20804,Active,Pekanbaru
GCD-17386,Blacklisted,Jabodetabek
GCD-20795,Active,Surabaya
GCD-20630,Blacklisted,Medan
GCD-20115,Active,Jabodetabek
GCD-8811,Blacklisted,Pekanbaru
GCD-13039,Active,Pekanbaru
GCD-20161,Active,Surabaya
GCD-2443,Blacklisted,Medan
GCD-21003,Active,Pekanbaru
OX26112415082702448,Active,Yogyakarta
GCD-20802,Active,Pekanbaru
GCD-17708,Active,Palembang
GCD-10017,Blacklisted,Pekanbaru
GCD-20520,Active,Surabaya
GCD-10682,Active,Surabaya
GCD-20607,Blacklisted,Jabodetabek
GCD-20822,Blacklisted,Jabodetabek
GCD-2834,Blacklisted,Jabodetabek
GCD-20371,Blacklisted,Bandung
GCD-12124,Blacklisted,Bandung
GCD-20484,Active,Bandung
GCD-20817,Blacklisted,Jabodetabek
GCD-16707,Active,Pekanbaru
GCD-13737,Blacklisted,Jabodetabek
GCD-20825,Blacklisted,Surabaya
GCD-9131,Active,Palembang
GCD-20417,Blacklisted,Jabodetabek
GCD-20661,Active,Palembang
OX29112420281602464,Active,Pekanbaru
GCD-8874,Active,Surabaya
GCD-5053,Blacklisted,Yogyakarta
GCD-20832,Blacklisted,Jabodetabek
GCD-20837,Active,Jabodetabek
GCD-4499,Active,Jabodetabek
GCD-20601,Active,Jabodetabek
GCD-5079,Active,Jabodetabek
GCD-20622,Blacklisted,Yogyakarta
GCD-20833,Blacklisted,Bandung
GCD-20653,Active,Jabodetabek
GCD-215,Active,Jabodetabek
GCD-6500,Active,Pekanbaru
GCD-20337,Active,Yogyakarta
GCD-20830,Blacklisted,Jabodetabek
GCD-20831,Active,Pekanbaru
GCD-20044,Active,Jabodetabek
GCD-20565,Active,Jabodetabek
GCD-20621,Blacklisted,Palembang
GCD-20153,Active,Bandung
GCD-3806,Blacklisted,Bandung
GCD-2392,Active,Medan
GCD-20855,Blacklisted,Jabodetabek
GCD-20852,Active,Semarang
GCD-20285,Active,Semarang
GCD-20978,Blacklisted,Jabodetabek
GCD-20584,Blacklisted,Jabodetabek
GCD-20319,Blacklisted,Jabodetabek
GCD-20089,Active,Jabodetabek
GCD-9865,Active,Surabaya
GCD-6356,Blacklisted,Semarang
GCD-20864,Active,Jabodetabek
GCD-20845,Active,Jabodetabek
GCD-10189,Active,Batam
GCD-20851,Blacklisted,Jabodetabek
GCD-17255,Blacklisted,Surabaya
GCD-20850,Active,Semarang
GCD-20820,Blacklisted,Bali
GCD-10090,Active,Bali
GCD-20741,Blacklisted,Jabodetabek
GCD-20884,Blacklisted,Jabodetabek
GCD-20847,Active,Medan
GCD-20856,Blacklisted,Medan
GCD-20523,Active,Jabodetabek
GCD-20844,Blacklisted,Jabodetabek
GCD-7541,Active,Pekanbaru
GCD-11507,Blacklisted,Jabodetabek
GCD-20828,Blacklisted,Jabodetabek
GCD-10070,Blacklisted,Medan
GCD-16186,Active,Surabaya
GCD-20181,Blacklisted,Pekanbaru
GCD-3830,Blacklisted,Semarang
GCD-20250,Active,Bandung
GCD-10786,Blacklisted,Bandung
GCD-20872,Active,Jabodetabek
GCD-20859,Active,Jabodetabek
GCD-20265,Active,Jabodetabek
GCD-20843,Active,Palembang
GCD-20470,Active,Jabodetabek
GCD-20357,Active,Jabodetabek
GCD-12405,Active,Jabodetabek
GCD-20662,Active,Jabodetabek
GCD-19354,Active,Yogyakarta
GCD-20613,Blacklisted,Jabodetabek
GCD-20861,Blacklisted,Medan
GCD-20673,Active,Semarang
GCD-20842,Active,Palembang
GCD-20542,Active,Jabodetabek
GCD-20157,Active,Surabaya
GCD-3364,Blacklisted,Jabodetabek
GCD-9665,Blacklisted,Yogyakarta
GCD-17327,Active,Yogyakarta
GCD-17469,Active,Yogyakarta
GCD-2470,Active,Medan
GCD-14367,Active,Medan
GCD-6494,Blacklisted,Surabaya
GCD-12685,Frozen,Yogyakarta
GCD-7698,Active,Semarang
GCD-8499,Blacklisted,Jabodetabek
GCD-6900,Blacklisted,Yogyakarta
GCD-20377,Active,Jabodetabek
GCD-20447,Blacklisted,Yogyakarta
GCD-20800,Active,Pekanbaru
GCD-9856,Blacklisted,Yogyakarta
GCD-20175,Active,Jabodetabek
GCD-20195,Active,Jabodetabek
GCD-6721,Active,Yogyakarta
GCD-12471,Active,Jabodetabek
GCD-20763,Active,Surabaya
GCD-20171,Active,Surabaya
GCD-20593,Active,Semarang
GCD-20579,Active,Bali
GCD-20252,Active,Jabodetabek
GCD-6313,Active,Jabodetabek
GCD-20835,Blacklisted,Palembang
GCD-5502,Blacklisted,Yogyakarta
GCD-1682,Blacklisted,Surabaya
GCD-20876,Blacklisted,Palembang
GCD-20853,Blacklisted,Jabodetabek
GCD-20696,Blacklisted,Jabodetabek
GCD-11154,Active,Surabaya
GCD-20878,Active,Surabaya
GCD-20560,Active,Semarang
GCD-6421,Active,Pekanbaru
GCD-20788,Active,Yogyakarta
OX12122422585602624,Active,Pekanbaru
GCD-20880,Blacklisted,Jabodetabek
GCD-20866,Active,Semarang
GCD-20834,Active,Bandung
GCD-20841,Active,Medan
GCD-5457,Blacklisted,Yogyakarta
GCD-8069,Active,Semarang
GCD-20848,Active,Jabodetabek
GCD-20882,Active,Palembang
GCD-17774,Active,Jabodetabek
GCD-20931,Blacklisted,Jabodetabek
GCD-7841,Blacklisted,Jabodetabek
GCD-3123,Active,Jabodetabek
GCD-10158,Blacklisted,Pekanbaru
GCD-9763,Active,Bali
GCD-20873,Active,Bandung
GCD-20317,Active,Jabodetabek
GCD-20446,Active,Yogyakarta
GCD-20857,Blacklisted,Palembang
GCD-20892,Active,Batam
GCD-20869,Active,Jabodetabek
GCD-20631,Active,Jabodetabek
GCD-20891,Active,Batam
GCD-13564,Active,Surabaya
GCD-20612,Blacklisted,Jabodetabek
GCD-20791,Active,Medan
GCD-3086,Active,Jabodetabek
GCD-12949,Active,Yogyakarta
GCD-20690,Active,Palembang
GCD-20840,Active,Pekanbaru
GCD-20570,Active,Jabodetabek
GCD-20899,Active,Surabaya
GCD-20648,Blacklisted,Jabodetabek
GCD-20901,Active,Surabaya
GCD-20599,Blacklisted,Surabaya
GCD-20329,Blacklisted,Bandung
GCD-5527,Active,Bandung
GCD-20336,Blacklisted,Surabaya
OX11122411525102591,Active,Jabodetabek
GCD-6489,Blacklisted,Palembang
GCD-5349,Active,Yogyakarta
GCD-20155,Blacklisted,Jabodetabek
GCD-5363,Active,Yogyakarta
GCD-20903,Active,Medan
GCD-20430,Active,Surabaya
GCD-4228,Active,Bandung
GCD-20874,Blacklisted,Jabodetabek
GCD-4412,Active,Palembang
GCD-19407,Blacklisted,Jabodetabek
GCD-20906,Blacklisted,Batam
GCD-20881,Blacklisted,Batam
GCD-18889,Active,Jabodetabek
GCD-20390,Active,Jabodetabek
GCD-20887,Blacklisted,Medan
GCD-2239,Blacklisted,Surabaya
GCD-8624,Active,Pekanbaru
GCD-5323,Active,Jabodetabek
GCD-19381,Active,Surabaya
GCD-7717,Active,Yogyakarta
GCD-20849,Active,Batam
GCD-20823,Active,Yogyakarta
GCD-20862,Active,Palembang
GCD-11368,Blacklisted,Surabaya
GCD-20111,Active,Surabaya
GCD-20908,Active,Palembang
GCD-20659,Blacklisted,Palembang
GCD-10785,Active,Surabaya
GCD-20543,Active,Yogyakarta
GCD-20977,Blacklisted,Medan
GCD-12943,Active,Surabaya
GCD-16502,Active,Yogyakarta
GCD-6446,Active,Yogyakarta
GCD-20278,Active,Yogyakarta
GCD-20909,Blacklisted,Palembang
GCD-20373,Active,Yogyakarta
GCD-20821,Active,Jabodetabek
GCD-20917,Active,Pekanbaru
GCD-20451,Active,Yogyakarta
GCD-20919,Frozen,Surabaya
GCD-20920,Active,Batam
GCD-20501,Blacklisted,Semarang
GCD-20910,Active,Palembang
GCD-20550,Active,Bali
GCD-21041,Active,Jabodetabek
GCD-20923,Active,Jabodetabek
GCD-20147,Active,Semarang
GCD-20865,Active,Semarang
GCD-20444,Active,Semarang
GCD-7774,Active,Jabodetabek
GCD-20911,Active,Palembang
GCD-2356,Active,Medan
GCD-20178,Active,Bali
GCD-20953,Blacklisted,Jabodetabek
GCD-1019,Active,Jabodetabek
GCD-20937,Blacklisted,Surabaya
GCD-20652,Active,Palembang
GCD-6589,Blacklisted,Semarang
GCD-18933,Active,Surabaya
GCD-20907,Active,Batam
GCD-20936,Active,Jabodetabek
GCD-20893,Blacklisted,Palembang
GCD-20282,Active,Yogyakarta
GCD-14115,Active,Yogyakarta
GCD-20466,Blacklisted,Jabodetabek
GCD-20376,Active,Jabodetabek
GCD-20940,Blacklisted,Jabodetabek
GCD-20586,Active,Yogyakarta
GCD-20895,Active,Semarang
GCD-20083,Blacklisted,Surabaya
GCD-5375,Active,Jabodetabek
GCD-20144,Blacklisted,Jabodetabek
GCD-4882,Active,Yogyakarta
GCD-5231,Blacklisted,Jabodetabek
GCD-20743,Active,Bandung
GCD-20947,Active,Medan
GCD-21011,Active,Jabodetabek
GCD-5875,Active,Yogyakarta
GCD-19827,Active,Bali
GCD-20925,Active,Bandung
GCD-12193,Active,Bali
GCD-18360,Active,Bali
GCD-16449,Active,Bandung
GCD-15012,Active,Yogyakarta
GCD-21004,Blacklisted,Batam
GCD-20955,Blacklisted,Jabodetabek
GCD-10528,Active,Batam
GCD-4264,Blacklisted,Jabodetabek
GCD-18426,Active,Jabodetabek
GCD-20933,Blacklisted,Batam
GCD-20932,Blacklisted,Batam
GCD-20952,Blacklisted,Bandung
GCD-14413,Active,Bali
GCD-12595,Active,Jabodetabek
GCD-20321,Active,Jabodetabek
OX27122407440302763,Active,Jabodetabek
GCD-5324,Active,Semarang
GCD-20956,Blacklisted,Surabaya
GCD-20954,Blacklisted,Medan
GCD-20942,Active,Palembang
GCD-4738,Active,Semarang
GCD-14009,Active,Semarang
GCD-20951,Active,Medan
GCD-20943,Active,Medan
GCD-20959,Blacklisted,Batam
GCD-20498,Blacklisted,Palembang
GCD-20961,Blacklisted,Palembang
GCD-20958,Blacklisted,Surabaya
GCD-20677,Active,Palembang
GCD-20706,Active,Palembang
GCD-20970,Active,Jabodetabek
GCD-20963,Blacklisted,Jabodetabek
GCD-20960,Active,Surabaya
GCD-20964,Active,Batam
GCD-20957,Blacklisted,Palembang
GCD-20985,Active,Jabodetabek
GCD-2331,Blacklisted,Jabodetabek
GCD-20969,Active,Palembang
GCD-4663,Active,Surabaya
GCD-19999,Active,Makassar
GCD-3208,Blacklisted,Jabodetabek
GCD-4437,Active,Yogyakarta
GCD-20228,Blacklisted,Bandung
GCD-15393,Active,Surabaya
GCD-20918,Blacklisted,Jabodetabek
GCD-20962,Active,Jabodetabek
GCD-20980,Blacklisted,Jabodetabek
GCD-20916,Blacklisted,Jabodetabek
GCD-20966,Active,Yogyakarta
GCD-20967,Blacklisted,Jabodetabek
GCD-20974,Active,Surabaya
GCD-20975,Active,Batam
GCD-20930,Blacklisted,Batam
GCD-21054,Active,Jabodetabek
GCD-8682,Active,Yogyakarta
GCD-20877,Active,Jabodetabek
GCD-5626,Active,Semarang
GCD-14305,Blacklisted,Jabodetabek
GCD-20987,Active,Jabodetabek
GCD-9868,Active,Bali
GCD-20984,Active,Surabaya
GCD-20986,Blacklisted,Jabodetabek
GCD-15046,Blacklisted,Surabaya
GCD-20292,Active,Yogyakarta
GCD-20989,Active,Medan
GCD-20991,Active,Semarang
GCD-20590,Active,Yogyakarta
GCD-20152,Active,Jabodetabek
GCD-20510,Active,Bali
GCD-4562,Blacklisted,Palembang
GCD-15083,Active,Bandung
GCD-20992,Blacklisted,Medan
GCD-4154,Blacklisted,Semarang
GCD-20898,Active,Jabodetabek
GCD-20988,Active,Jabodetabek
GCD-19566,Active,Bandung
GCD-4093,Blacklisted,Bandung
GCD-20355,Blacklisted,Jabodetabek
GCD-12925,Active,Semarang
GCD-20946,Active,Jabodetabek
GCD-21038,Blacklisted,Jabodetabek
GCD-21023,Active,Semarang
GCD-20783,Active,Semarang
GCD-20994,Active,Semarang
GCD-20385,Active,Surabaya
GCD-21002,Blacklisted,Jabodetabek
GCD-20995,Blacklisted,Batam
GCD-20997,Active,Pekanbaru
GCD-20999,Active,Batam
GCD-21000,Active,Batam
GCD-19717,Active,Pekanbaru
GCD-14067,Active,Yogyakarta
GCD-21015,Active,Surabaya
GCD-20680,Active,Surabaya
GCD-18734,Blacklisted,Jabodetabek
GCD-21008,Blacklisted,Medan
GCD-20996,Active,Yogyakarta
GCD-14969,Blacklisted,Pekanbaru
GCD-20193,Active,Bandung
GCD-20516,Active,Bandung
GCD-21073,Active,Bandung
GCD-13262,Blacklisted,Surabaya
GCD-20993,Blacklisted,Jabodetabek
GCD-7256,Blacklisted,Semarang
GCD-21016,Active,Batam
GCD-14164,Blacklisted,Bandung
GCD-21044,Blacklisted,Jabodetabek
GCD-21019,Blacklisted,Palembang
GCD-20568,Blacklisted,Jabodetabek
OX16112420311802331,Active,Surabaya
GCD-21039,Blacklisted,Semarang
GCD-20803,Frozen,Yogyakarta
GCD-20929,Active,Jabodetabek
GCD-21024,Blacklisted,Palembang
GCD-21037,Active,Surabaya
GCD-21034,Blacklisted,Medan
GCD-11246,Active,Semarang
GCD-20562,Blacklisted,Semarang
GCD-13513,Active,Bali
GCD-20556,Active,Surabaya
GCD-21035,Active,Jabodetabek
GCD-20981,Blacklisted,Palembang
GCD-5794,Blacklisted,Bali
GCD-3396,Blacklisted,Jabodetabek
GCD-21046,Blacklisted,Jabodetabek
GCD-5853,Active,Jabodetabek
GCD-8949,Active,Yogyakarta
GCD-21032,Active,Jabodetabek
GCD-21056,Active,Surabaya
GCD-20711,Active,Pekanbaru
GCD-21050,Blacklisted,Semarang
GCD-21047,Active,Batam
GCD-20867,Active,Jabodetabek
GCD-10016,Blacklisted,Palembang
GCD-16237,Active,Semarang
GCD-21055,Active,Batam
GCD-21049,Active,Medan
GCD-21030,Frozen,Medan
GCD-21042,Active,Jabodetabek
GCD-21059,Active,Semarang
GCD-12871,Active,Palembang
GCD-8677,Active,Jabodetabek
GCD-21045,Active,Jabodetabek
GCD-21061,Active,Jabodetabek
GCD-21064,Active,Jabodetabek
GCD-21029,Active,Jabodetabek
GCD-8966,Active,Yogyakarta
GCD-21013,Active,Jabodetabek
GCD-21067,Active,Semarang
GCD-20459,Active,Surabaya
GCD-21065,Blacklisted,Jabodetabek
GCD-21069,Blacklisted,Semarang
GCD-6577,Active,Pekanbaru
GCD-21072,Frozen,Batam
GCD-20458,Blacklisted,Jabodetabek
GCD-21120,Active,Pekanbaru
GCD-21010,Active,Jabodetabek
GCD-20279,Active,Jabodetabek
GCD-21077,Active,Surabaya
GCD-20481,Active,Bandung
GCD-21075,Blacklisted,Palembang
GCD-21058,Blacklisted,Jabodetabek
GCD-20363,Active,Surabaya
GCD-21095,Active,Medan
GCD-21060,Active,Medan
GCD-21083,Active,Jabodetabek
GCD-21040,Active,Semarang
GCD-8963,Blacklisted,Jabodetabek
GCD-16922,Active,Jabodetabek
GCD-2821,Blacklisted,Jabodetabek
GCD-21085,Active,Semarang
GCD-6027,Active,Jabodetabek
GCD-19890,Active,Yogyakarta
GCD-21051,Active,Medan
GCD-20154,Blacklisted,Surabaya
GCD-21111,Blacklisted,Pekanbaru
GCD-21036,Blacklisted,Jabodetabek
GCD-7435,Blacklisted,Jabodetabek
GCD-21086,Active,Batam
GCD-21082,Active,Medan
GCD-21093,Blacklisted,Jabodetabek
GCD-21079,Frozen,Surabaya
GCD-21070,Active,Jabodetabek
GCD-21129,Active,Semarang
GCD-13507,Blacklisted,Jabodetabek
GCD-21084,Active,Jabodetabek
GCD-25015,Active,Jabodetabek
GCD-20839,Active,Bandung
GCD-20340,Active,Yogyakarta
GCD-4705,Active,Surabaya
GCD-21152,Active,Jabodetabek
GCD-9621,Active,Jabodetabek
GCD-20596,Active,Surabaya
GCD-25014,Active,Jabodetabek
GCD-21100,Frozen,Jabodetabek
GCD-20503,Active,Semarang
GCD-21097,Active,Jabodetabek
GCD-16579,Active,Yogyakarta
GCD-3846,Blacklisted,Semarang
GCD-19418,Blacklisted,Jabodetabek
GCD-21109,Active,Semarang
GCD-12042,Blacklisted,Jabodetabek
GCD-25013,Active,Surabaya
GCD-21102,Blacklisted,Palembang
GCD-20905,Active,Batam
GCD-9017,Blacklisted,Bali
GCD-21103,Active,Jabodetabek
GCD-21031,Active,Jabodetabek
GCD-21107,Active,Surabaya
GCD-21110,Blacklisted,Jabodetabek
GCD-6904,Frozen,Yogyakarta
GCD-7178,Active,Pekanbaru
GCD-3809,Active,Jabodetabek
GCD-21021,Active,Semarang
GCD-21108,Active,Palembang
GCD-21114,Blacklisted,Batam
GCD-21113,Active,Batam
GCD-21112,Active,Pekanbaru
OX04122422402402507,Active,Jabodetabek
GCD-20367,Active,Semarang
GCD-21057,Active,Medan
GCD-4149,Blacklisted,Bandung
GCD-21118,Active,Yogyakarta
GCD-16380,Active,Bali
GCD-20366,Blacklisted,Jabodetabek
GCD-17984,Active,Surabaya
OX12122409290002607,Active,Pekanbaru
GCD-12302,Blacklisted,Jabodetabek
OX18022522361203200,Active,Jabodetabek
GCD-21146,Active,Pekanbaru
GCD-433,Active,Jabodetabek
GCD-20976,Active,Yogyakarta
GCD-21123,Active,Jabodetabek
GCD-14810,Blacklisted,Semarang
GCD-20405,Active,Semarang
GCD-7696,Blacklisted,Medan
GCD-20126,Active,Jabodetabek
GCD-17090,Frozen,Jabodetabek
GCD-21124,Blacklisted,Palembang
OX09122417261002560,Active,Pekanbaru
GCD-21131,Active,Surabaya
GCD-21138,Blacklisted,Jabodetabek
GCD-20602,Active,Jabodetabek
GCD-7829,Blacklisted,Semarang
GCD-2158,Active,Jabodetabek
OX21022510252603225,Active,Pekanbaru
GCD-21130,Active,Palembang
GCD-6948,Blacklisted,Semarang
GCD-21136,Blacklisted,Palembang
GCD-21140,Blacklisted,Surabaya
GCD-17219,Active,Bali
GCD-20551,Blacklisted,Semarang
GCD-11319,Active,Surabaya
GCD-7707,Active,Semarang
GCD-21091,Active,Jabodetabek
OX07122411300402533,Active,Pekanbaru
GCD-20160,Active,Jabodetabek
GCD-20069,Active,Jabodetabek
GCD-17363,Active,Pekanbaru
GCD-21119,Active,Pekanbaru
OX27022514422103283,Active,Semarang
GCD-21142,Active,Jabodetabek
OX22022517325803241,Active,Jabodetabek
GCD-21122,Blacklisted,Jabodetabek
GCD-21143,Blacklisted,Palembang
GCD-21147,Active,Palembang
GCD-21148,Blacklisted,Palembang
GCD-21141,Blacklisted,Yogyakarta
GCD-20200,Blacklisted,Surabaya
OX15022509563403161,Active,Batam
GCD-25050,Blacklisted,Jabodetabek
GCD-19271,Active,Jabodetabek
GCD-25004,Blacklisted,Jabodetabek
GCD-20362,Active,Jabodetabek
GCD-25001,Active,Batam
GCD-5077,Active,Palembang
GCD-17198,Active,Surabaya
GCD-21135,Active,Pekanbaru
GCD-25010,Blacklisted,Semarang
GCD-20132,Active,Surabaya
GCD-5554,Blacklisted,Semarang
GCD-25002,Active,Semarang
GCD-12437,Active,Pekanbaru
GCD-2183,Active,Jabodetabek
GCD-19424,Active,Jabodetabek
GCD-20592,Active,Surabaya
GCD-20312,Active,Surabaya
OX08012514022902836,Active,Surabaya
OX24022521540303259,Active,Jabodetabek
GCD-25005,Active,Surabaya
GCD-11259,Blacklisted,Bali
GCD-21154,Blacklisted,Medan
GCD-25006,Active,Medan
GCD-2497,Active,Jabodetabek
GCD-3950,Active,Semarang
GCD-21144,Active,Semarang
GCD-25028,Frozen,Jabodetabek
GCD-25012,Active,Palembang
GCD-20473,Active,Semarang
GCD-17052,Blacklisted,Pekanbaru
GCD-12476,Active,Surabaya
GCD-20595,Blacklisted,Palembang
GCD-8803,Active,Bali
GCD-18866,Active,Surabaya
GCD-9469,Active,Yogyakarta
GCD-2409,Blacklisted,Jabodetabek
GCD-25021,Active,Bandung
GCD-20277,Blacklisted,Bandung
GCD-25025,Active,Semarang
,,Jabodetabek
GCD-25022,Active,Semarang
GCD-25026,Blacklisted,Semarang
OX21022517480203233,Active,Semarang
GCD-6245,Active,Semarang
GCD-21101,Active,Bali
GCD-25033,Active,Yogyakarta
GCD-25009,Blacklisted,Jabodetabek
GCD-5439,Blacklisted,Semarang
GCD-25178,Blacklisted,Jabodetabek
GCD-5236,Active,Palembang
GCD-25037,Blacklisted,Jabodetabek
GCD-12861,Blacklisted,Bali
GCD-21150,Active,Surabaya
GCD-25034,Blacklisted,Surabaya
GCD-20090,Active,Jabodetabek
GCD-21128,Active,Jabodetabek
GCD-25035,Blacklisted,Batam
GCD-10329,Active,Semarang
GCD-3939,Active,Jabodetabek
GCD-20096,Active,Jabodetabek
GCD-19272,Active,Bandung
GCD-25049,Blacklisted,Jabodetabek
GCD-21104,Active,Pekanbaru
GCD-20928,Active,Semarang
GCD-2558,Active,Jabodetabek
GCD-20345,Active,Yogyakarta
GCD-25017,Active,Jabodetabek
GCD-4165,Blacklisted,Semarang
GCD-25016,Blacklisted,Batam
GCD-25039,Active,Semarang
GCD-21151,Active,Palembang
GCD-25043,Active,Batam
GCD-7546,Blacklisted,Surabaya
GCD-25044,Active,Semarang
GCD-5511,Active,Semarang
GCD-21115,Active,Pekanbaru
GCD-21121,Active,Jabodetabek
GCD-13232,Blacklisted,Semarang
GCD-25047,Active,Surabaya
GCD-8249,Active,Semarang
GCD-25063,Active,Jabodetabek
GCD-25053,Active,Semarang
GCD-3403,Blacklisted,Jabodetabek
GCD-12798,Active,Semarang
GCD-25074,Active,Jabodetabek
GCD-6674,Blacklisted,Jabodetabek
GCD-25065,Active,Jabodetabek
GCD-20372,Active,Surabaya
GCD-25048,Blacklisted,Palembang
GCD-2239,Blacklisted,Surabaya
GCD-8075,Active,Semarang
GCD-25008,Active,Surabaya
GCD-25088,Blacklisted,Batam
GCD-13653,Active,Jabodetabek
GCD-20299,Active,Surabaya
GCD-20467,Active,Bandung
GCD-25059,Active,Semarang
GCD-25064,Active,Semarang
GCD-25062,Blacklisted,Jabodetabek
GCD-25056,Active,Yogyakarta
GCD-20972,Active,Medan
GCD-5710,Active,Bali
GCD-25066,Active,Semarang
GCD-25092,Active,Surabaya
GCD-25067,Active,Jabodetabek
GCD-25068,Blacklisted,Semarang
GCD-25069,Blacklisted,Jabodetabek
GCD-9375,Blacklisted,Pekanbaru
GCD-25071,Blacklisted,Jabodetabek
OX17022515375103174,Active,Semarang
GCD-25114,Blacklisted,Jabodetabek
GCD-25090,Active,Jabodetabek
GCD-25077,Blacklisted,Palembang
GCD-25072,Blacklisted,Batam
GCD-25079,Blacklisted,Palembang
GCD-21127,Active,Surabaya
GCD-25098,Blacklisted,Jabodetabek
GCD-25080,Frozen,Batam
GCD-5410,Active,Semarang
GCD-4306,Blacklisted,Semarang
GCD-25085,Blacklisted,Jabodetabek
GCD-18618,Active,Surabaya
GCD-25093,Blacklisted,Semarang
GCD-20649,Active,Palembang
GCD-25150,Active,Surabaya
GCD-5548,Blacklisted,Jabodetabek
GCD-21133,Active,Bandung
GCD-25081,Active,Surabaya
GCD-25087,Active,Pekanbaru
OX14032513235703379,Active,Jabodetabek
GCD-25104,Frozen,Jabodetabek
GCD-25070,Blacklisted,Jabodetabek
GCD-25143,Blacklisted,Jabodetabek
GCD-13292,Active,Yogyakarta
GCD-25084,Active,Palembang
GCD-25094,Blacklisted,Palembang
GCD-25095,Blacklisted,Palembang
GCD-25073,Active,Pekanbaru
GCD-2867,Blacklisted,Jabodetabek
GCD-3424,Active,Surabaya
GCD-25097,Blacklisted,Medan
GCD-20106,Active,Jabodetabek
GCD-25132,Blacklisted,Jabodetabek
GCD-20499,Active,Surabaya
GCD-25083,Blacklisted,Jabodetabek
GCD-25100,Active,Jabodetabek
OX05022515244203086,Active,Surabaya
GCD-25128,Blacklisted,Jabodetabek
GCD-25101,Active,Pekanbaru
GCD-25162,Blacklisted,Jabodetabek
GCD-25055,Active,Medan
GCD-1352,Active,Jabodetabek
GCD-25110,Active,Palembang
GCD-25119,Active,Jabodetabek
GCD-25112,Active,Jabodetabek
GCD-20670,Blacklisted,Semarang
GCD-25054,Active,Yogyakarta
GCD-20894,Active,Yogyakarta
GCD-18423,Active,Jabodetabek
GCD-25118,Active,Jabodetabek
OX15042519582103500,Active,Jabodetabek
GCD-20725,Active,Jabodetabek
GCD-25078,Active,Batam
GCD-25129,Blacklisted,Jabodetabek
GCD-25091,Active,Palembang
GCD-25130,Active,Surabaya
GCD-20500,Active,Yogyakarta
GCD-5872,Active,Surabaya
GCD-17599,Blacklisted,Jabodetabek
GCD-25124,Blacklisted,Semarang
GCD-20613,Blacklisted,Jabodetabek
GCD-25127,Active,Palembang
GCD-3724,Active,Surabaya
GCD-25135,Active,Jabodetabek
GCD-25134,Blacklisted,Semarang
GCD-16004,Blacklisted,Jabodetabek
GCD-8155,Blacklisted,Surabaya
GCD-25136,Active,Surabaya
GCD-12970,Active,Bali
GCD-25139,Active,Palembang
GCD-5638,Blacklisted,Yogyakarta
GCD-25141,Blacklisted,Palembang
GCD-25138,Active,Surabaya
GCD-20045,Active,Surabaya
GCD-25121,Active,Medan
GCD-25146,Blacklisted,Palembang
GCD-25148,Active,Palembang
GCD-25142,Active,Surabaya
GCD-25177,Blacklisted,Jabodetabek
GCD-25076,Active,Batam
GCD-25102,Active,Surabaya
GCD-25147,Active,Palembang
GCD-25122,Active,Medan
GCD-25152,Active,Medan
GCD-25325,Active,Surabaya
GCD-25158,Blacklisted,Surabaya
GCD-12042,Blacklisted,Jabodetabek
GCD-25155,Active,Semarang
GCD-20662,Active,Jabodetabek
GCD-21031,Active,Jabodetabek
OX21032505115703435,Active,Jabodetabek
GCD-25161,Active,Jabodetabek
GCD-3694,Active,Bandung
GCD-25126,Blacklisted,Medan
GCD-25163,Active,Yogyakarta
GCD-25165,Blacklisted,Jabodetabek
GCD-25156,Active,Medan
GCD-25207,Active,Surabaya
GCD-25166,Active,Batam
GCD-20914,Active,Semarang
GCD-25169,Active,Jabodetabek
GCD-25167,Active,Surabaya
GCD-25164,Active,Surabaya
GCD-25181,Blacklisted,Semarang
GCD-25174,Blacklisted,Semarang
GCD-25175,Active,Palembang
GCD-7011,Frozen,Yogyakarta
GCD-25185,Blacklisted,Batam
GCD-25183,Active,Pekanbaru
OX18032514200803409,Active,Jabodetabek
GCD-25182,Blacklisted,Jabodetabek
GCD-25144,Blacklisted,Jabodetabek
GCD-12511,Active,Pekanbaru
GCD-25096,Active,Jabodetabek
GCD-21058,Blacklisted,Jabodetabek
GCD-20987,Active,Jabodetabek
GCD-25173,Active,Jabodetabek
GCD-25168,Active,Surabaya
GCD-25186,Active,Palembang
GCD-25125,Active,Jabodetabek
GCD-25107,Active,Jabodetabek
GCD-2818,Active,Medan
GCD-25205,Blacklisted,Jabodetabek
GCD-25195,Blacklisted,Batam
GCD-25196,Active,Medan
GCD-25218,Blacklisted,Jabodetabek
GCD-3159,Active,Medan
GCD-20352,Active,Palembang
GCD-25204,Blacklisted,Batam
GCD-25210,Active,Batam
GCD-25211,Active,Jabodetabek
GCD-25217,Active,Semarang
GCD-11507,Blacklisted,Jabodetabek
OX30042511252403575,Active,Yogyakarta
GCD-25189,Blacklisted,Palembang
GCD-25197,Active,Palembang
GCD-20783,Active,Semarang
GCD-25221,Blacklisted,Semarang
GCD-25145,Active,Medan
GCD-25212,Active,Medan
GCD-25219,Active,Surabaya
GCD-16354,Active,Pekanbaru
GCD-25208,Blacklisted,Jabodetabek
GCD-4049,Active,Surabaya
GCD-3749,Active,Semarang
GCD-25198,Active,Yogyakarta
GCD-25329,Blacklisted,Medan
GCD-25228,Blacklisted,Batam
GCD-25213,Active,Palembang
GCD-25253,Active,Medan
GCD-25238,Active,Batam
GCD-25105,Active,Medan
GCD-25241,Blacklisted,Semarang
GCD-25215,Blacklisted,Palembang
GCD-25193,Blacklisted,Palembang
GCD-25244,Active,Semarang
GCD-5146,Active,Palembang
GCD-25248,Blacklisted,Palembang
GCD-25259,Blacklisted,Jabodetabek
GCD-8585,Active,Pekanbaru
GCD-25237,Active,Palembang
GCD-25246,Frozen,Yogyakarta
GCD-25242,Active,Pekanbaru
GCD-25251,Active,Semarang
GCD-4371,Active,Surabaya
GCD-25254,Blacklisted,Palembang
GCD-25301,Active,Palembang
GCD-25260,Blacklisted,Palembang
GCD-25255,Blacklisted,Semarang
GCD-25270,Active,Bali
GCD-25243,Active,Yogyakarta
GCD-14213,Active,Jabodetabek
GCD-25259,Blacklisted,Jabodetabek
GCD-25306,Active,Jabodetabek
GCD-25287,Blacklisted,Jabodetabek
GCD-25269,Blacklisted,Semarang
GCD-25264,Active,Palembang
GCD-25271,Active,Semarang
GCD-25233,Blacklisted,Semarang
GCD-25247,Active,Yogyakarta
GCD-20189,Blacklisted,Jabodetabek
GCD-25265,Active,Palembang
GCD-16301,Blacklisted,Jabodetabek
GCD-18870,Active,Yogyakarta
GCD-20554,Active,Jabodetabek
GCD-20459,Active,Surabaya
GCD-25286,Blacklisted,Jabodetabek
GCD-12533,Blacklisted,Yogyakarta
GCD-25275,Active,Bali
GCD-25292,Active,Palembang
GCD-17743,Active,Jabodetabek
GCD-25267,Blacklisted,Yogyakarta
GCD-25297,Active,Batam
GCD-25282,Blacklisted,Palembang
GCD-25296,Blacklisted,Jabodetabek
GCD-25293,Active,Yogyakarta
GCD-25303,Blacklisted,Semarang
GCD-12040,Active,Jabodetabek
GCD-25562,Blacklisted,Semarang
GCD-25310,Frozen,Batam
GCD-25418,Blacklisted,Batam
GCD-25323,Active,Semarang
GCD-25341,Active,Medan
GCD-25313,Active,Jabodetabek
GCD-25319,Active,Jabodetabek
GCD-25320,Active,Batam
GCD-25311,Active,Jabodetabek
GCD-25322,Active,Palembang
GCD-20386,Active,Jabodetabek
GCD-25336,Active,Surabaya
GCD-14154,Active,Bali
GCD-25318,Active,Jabodetabek
GCD-25330,Active,Batam
GCD-25281,Blacklisted,Palembang
GCD-25328,Active,Pekanbaru
GCD-25365,Active,Surabaya
GCD-25321,Blacklisted,Jabodetabek
GCD-6592,Active,Medan
GCD-25328,Active,Pekanbaru
GCD-25335,Active,Surabaya
GCD-11566,Active,Bali
GCD-25291,Active,Jabodetabek
GCD-16300,Active,Semarang
GCD-17978,Active,Semarang
GCD-25337,Blacklisted,Jabodetabek
GCD-25327,Blacklisted,Palembang
GCD-21100,Frozen,Jabodetabek
GCD-25324,Blacklisted,Jabodetabek
GCD-25351,Active,Surabaya
GCD-25268,Blacklisted,Surabaya
GCD-25358,Blacklisted,Medan
GCD-25354,Active,Surabaya
GCD-25357,Blacklisted,Batam
GCD-25342,Active,Jabodetabek
GCD-25379,Blacklisted,Batam
GCD-4957,Active,Jabodetabek
GCD-25377,Blacklisted,Jabodetabek
GCD-6179,Blacklisted,Jabodetabek
GCD-2361,Active,Jabodetabek
GCD-2331,Blacklisted,Jabodetabek
GCD-25372,Active,Medan
GCD-25378,Blacklisted,Jabodetabek
GCD-25362,Blacklisted,Jabodetabek
OX23072519420003852,Active,Surabaya
GCD-25326,Blacklisted,Palembang
GCD-21125,Blacklisted,Jabodetabek
GCD-5536,Active,Jabodetabek
GCD-25381,Active,Medan
GCD-25385,Blacklisted,Batam
GCD-25290,Active,Jabodetabek
GCD-25370,Active,Jabodetabek
OX27072512382403865,Active,Batam
GCD-25392,Blacklisted,Palembang
GCD-4844,Active,Yogyakarta
GCD-25371,Blacklisted,Palembang
GCD-25395,Active,Surabaya
GCD-25397,Active,Palembang
GCD-8241,Active,Jabodetabek
GCD-4761,Active,Jabodetabek
GCD-18576,Active,Jabodetabek
GCD-25363,Active,Jabodetabek
GCD-25407,Blacklisted,Jabodetabek
OX05082522371203889,Active,Jabodetabek
GCD-25396,Blacklisted,Jabodetabek
GCD-25406,Active,Yogyakarta
GCD-25413,Active,Medan
GCD-3482,Active,Jabodetabek
GCD-25393,Blacklisted,Jabodetabek
GCD-20234,Active,Surabaya
GCD-25412,Active,Semarang
GCD-25411,Blacklisted,Batam
GCD-25403,Blacklisted,Semarang
GCD-25414,Blacklisted,Surabaya
GCD-16264,Active,Surabaya
GCD-25422,Active,Palembang
GCD-25423,Active,Medan
GCD-25430,Active,Semarang
GCD-25424,Active,Jabodetabek
GCD-25401,Active,Jabodetabek
GCD-25386,Active,Jabodetabek
GCD-25445,Blacklisted,Medan
GCD-25475,Active,Jabodetabek
GCD-15437,Active,Pekanbaru
GCD-25438,Frozen,Batam
GCD-25437,Blacklisted,Jabodetabek
GCD-25440,Blacklisted,Jabodetabek
GCD-13370,Active,Jabodetabek
GCD-25417,Active,Jabodetabek
OX13082521422403943,Active,Surabaya
GCD-25444,Active,Jabodetabek
GCD-25462,Active,Batam
GCD-25429,Active,Pekanbaru
GCD-25456,Blacklisted,Palembang
GCD-25460,Blacklisted,Palembang
GCD-25459,Active,Surabaya
GCD-25432,Blacklisted,Palembang
GCD-25471,Active,Jabodetabek
GCD-3258,Active,Medan
GCD-25461,Blacklisted,Palembang
GCD-4537,Blacklisted,Jabodetabek
GCD-25512,Active,Jabodetabek
GCD-25415,Active,Semarang
GCD-25510,Active,Jabodetabek
OX01092509145004013,Active,Jabodetabek
GCD-25465,Active,Yogyakarta
GCD-20326,Active,Jabodetabek
GCD-25355,Active,Semarang
GCD-4275,Blacklisted,Jabodetabek
GCD-25481,Blacklisted,Batam
GCD-25458,Active,Pekanbaru
GCD-25473,Active,Surabaya
GCD-25479,Active,Jabodetabek
GCD-25490,Frozen,Jabodetabek
GCD-25597,Active,Jabodetabek
GCD-25448,Frozen,Pekanbaru
GCD-25480,Active,Jabodetabek
GCD-18853,Active,Palembang
GCD-25496,Active,Medan
GCD-8766,Blacklisted,Jabodetabek
GCD-25531,Frozen,Batam
GCD-25469,Blacklisted,Batam
GCD-25497,Frozen,Jabodetabek
GCD-25492,Active,Surabaya
GCD-25482,Active,Semarang
GCD-25488,Active,Semarang
GCD-25507,Blacklisted,Batam
GCD-25676,Active,Batam
GCD-25494,Active,Semarang
OX03092517160604018,Active,Pekanbaru
GCD-25457,Frozen,Yogyakarta
GCD-25503,Blacklisted,Palembang
GCD-7879,Blacklisted,Jabodetabek
GCD-25514,Active,Palembang
GCD-25509,Blacklisted,Semarang
GCD-25504,Blacklisted,Jabodetabek
GCD-25524,Active,Jabodetabek
GCD-25493,Blacklisted,Jabodetabek
OX30082522213504009,Active,Jabodetabek
OX19092516010904086,Active,Medan
GCD-25380,Active,Yogyakarta
GCD-25486,Active,Jabodetabek
GCD-25498,Active,Palembang
GCD-25513,Active,Palembang
GCD-25472,Active,Semarang
GCD-25552,Active,Jabodetabek
GCD-25518,Active,Jabodetabek
GCD-25658,Blacklisted,Batam
GCD-21097,Active,Jabodetabek
GCD-25521,Active,Batam
GCD-25608,Active,Surabaya
GCD-25599,Active,Semarang
GCD-25528,Active,Yogyakarta
GCD-25442,Active,Palembang
GCD-20512,Active,Surabaya
GCD-25539,Blacklisted,Jabodetabek
GCD-25536,Active,Semarang
GCD-25527,Active,Jabodetabek
GCD-25543,Blacklisted,Batam
OX11082515004603923,Active,Surabaya
GCD-8600,Blacklisted,Pekanbaru
GCD-25561,Active,Medan
GCD-13579,Active,Jabodetabek
GCD-25557,Active,Yogyakarta
GCD-25558,Active,Yogyakarta
GCD-16558,Blacklisted,Jabodetabek
GCD-3788,Active,Jabodetabek
GCD-25563,Blacklisted,Batam
GCD-25523,Active,Jabodetabek
GCD-20737,Active,Bali
GCD-25606,Active,Palembang
GCD-25575,Active,Medan
GCD-10803,Active,Bali
GCD-25537,Active,Jabodetabek
GCD-25576,Blacklisted,Batam
GCD-25544,Active,Jabodetabek
GCD-25587,Active,Jabodetabek
GCD-25596,Blacklisted,Batam
GCD-7231,Active,Jabodetabek
GCD-25567,Active,Jabodetabek
GCD-11492,Blacklisted,Batam
GCD-25600,Active,Jabodetabek
GCD-271,Active,Jabodetabek
GCD-2670,Active,Jabodetabek
GCD-25604,Active,Jabodetabek
GCD-8241,Active,Jabodetabek
GCD-25605,Active,Semarang
GCD-25620,Blacklisted,Jabodetabek
GCD-25613,Active,Semarang
GCD-25616,Active,Jabodetabek
GCD-20662,Active,Jabodetabek
GCD-19890,Active,Yogyakarta
GCD-20711,Active,Pekanbaru
GCD-20839,Active,Bandung
GCD-21031,Active,Jabodetabek
GCD-9763,Active,Bali
GCD-25624,Active,Jabodetabek
GCD-25636,Active,Surabaya
OX07102516335604126,Active,Palembang
GCD-20360,Active,Semarang
GCD-20115,Active,Jabodetabek
GCD-20161,Active,Surabaya
GCD-3250,Active,Jabodetabek
GCD-3202,Active,Jabodetabek
GCD-20586,Active,Yogyakarta
GCD-25557,Active,Yogyakarta
GCD-15012,Active,Yogyakarta
GCD-25355,Active,Semarang
GCD-20980,Blacklisted,Jabodetabek
GCD-15822,Active,Jabodetabek
GCD-25424,Active,Jabodetabek
GCD-20653,Active,Jabodetabek
GCD-20111,Active,Surabaya
GCD-25615,Blacklisted,Batam
GCD-20877,Active,Jabodetabek
GCD-9865,Active,Surabaya
GCD-20405,Active,Semarang
GCD-3424,Active,Surabaya
GCD-21119,Active,Pekanbaru
GCD-20520,Active,Surabaya
GCD-2821,Blacklisted,Jabodetabek
GCD-3086,Active,Jabodetabek
GCD-19682,Active,Jabodetabek
GCD-18778,Active,Jabodetabek
GCD-25253,Active,Medan
GCD-20459,Active,Surabaya
GCD-21121,Active,Jabodetabek
GCD-20376,Active,Jabodetabek
GCD-4275,Blacklisted,Jabodetabek
GCD-25486,Active,Jabodetabek
OX29112509051904214,Active,Jabodetabek
GCD-7879,Blacklisted,Jabodetabek
GCD-6904,Frozen,Yogyakarta
GCD-18526,Blacklisted,Jabodetabek
GCD-21122,Blacklisted,Jabodetabek
GCD-19424,Active,Jabodetabek
GCD-25303,Blacklisted,Semarang
GCD-25415,Active,Semarang
GCD-20901,Active,Surabaya
GCD-20899,Active,Surabaya
GCD-20045,Active,Surabaya
GCD-16558,Blacklisted,Jabodetabek
GCD-20285,Active,Semarang
OX24112518464904208,Active,Surabaya
GCD-2183,Active,Jabodetabek
GCD-19544,Active,Jabodetabek
GCD-20090,Active,Jabodetabek
GCD-25633,Active,Jabodetabek
GCD-20106,Active,Jabodetabek
GCD-25337,Blacklisted,Jabodetabek
GCD-25494,Active,Semarang
GCD-25080,Frozen,Batam
GCD-2497,Active,Jabodetabek
GCD-25507,Blacklisted,Batam
GCD-20292,Active,Yogyakarta
GCD-20849,Active,Batam
GCD-20345,Active,Yogyakarta
GCD-20089,Active,Jabodetabek
GCD-25527,Active,Jabodetabek
GCD-20044,Active,Jabodetabek
GCD-3788,Active,Jabodetabek
GCD-25291,Active,Jabodetabek
GCD-20357,Active,Jabodetabek
GCD-13579,Active,Jabodetabek
GCD-25604,Active,Jabodetabek
GCD-13370,Active,Jabodetabek
GCD-3995,Active,Jabodetabek
GCD-25479,Active,Jabodetabek
GCD-25657,Blacklisted,Bali
GCD-21128,Active,Jabodetabek
GCD-20171,Active,Surabaya
GCD-3364,Blacklisted,Jabodetabek
GCD-18866,Active,Surabaya
GCD-21037,Active,Surabaya
GCD-20960,Active,Surabaya
GCD-25576,Blacklisted,Batam
GCD-17369,Active,Jabodetabek
GCD-20372,Active,Surabaya
GCD-9017,Blacklisted,Bali
GCD-4761,Active,Jabodetabek
GCD-20790,Active,Surabaya
GCD-25074,Active,Jabodetabek
GCD-20556,Active,Surabaya
GCD-25429,Active,Batam
GCD-21079,Frozen,Surabaya
GCD-25605,Active,Semarang
GCD-25543,Blacklisted,Batam
GCD-17255,Blacklisted,Surabaya
GCD-21138,Blacklisted,Jabodetabek
GCD-12471,Active,Jabodetabek
GCD-25182,Blacklisted,Jabodetabek
GCD-6854,Active,Jabodetabek
GCD-11566,Active,Bali
GCD-21144,Active,Semarang
GCD-20881,Blacklisted,Batam
GCD-21047,Active,Batam
GCD-20446,Active,Yogyakarta
GCD-25067,Active,Jabodetabek
GCD-21058,Blacklisted,Jabodetabek
GCD-17469,Active,Yogyakarta
GCD-21045,Active,Jabodetabek
GCD-13507,Blacklisted,Jabodetabek
GCD-17090,Frozen,Jabodetabek
GCD-25363,Active,Jabodetabek
GCD-20823,Active,Yogyakarta
GCD-20154,Blacklisted,Surabaya
GCD-25164,Active,Surabaya
GCD-21100,Frozen,Jabodetabek
GCD-21049,Active,Medan
GCD-25015,Active,Jabodetabek
OX13012602411404277,Active,Surabaya
GCD-20802,Active,Pekanbaru
GCD-25668,Active,Jabodetabek
GCD-21104,Active,Pekanbaru
GCD-20821,Active,Jabodetabek
GCD-16963,Blacklisted,Jabodetabek
GCD-15956,Active,Jabodetabek
GCD-16579,Active,Yogyakarta
GCD-20992,Blacklisted,Medan
GCD-18423,Active,Jabodetabek
GCD-20503,Active,Semarang
GCD-20954,Blacklisted,Medan
GCD-20994,Active,Semarang
GCD-17794,Active,Jabodetabek
GCD-20622,Blacklisted,Yogyakarta
GCD-20989,Active,Medan
GCD-8874,Active,Surabaya
GCD-17052,Blacklisted,Pekanbaru
GCD-7707,Active,Semarang
GCD-4264,Blacklisted,Jabodetabek
GCD-4651,Active,Jabodetabek
GCD-20799,Active,Pekanbaru
GCD-21030,Frozen,Medan
GCD-25407,Blacklisted,Jabodetabek
GCD-20997,Active,Pekanbaru
GCD-25378,Blacklisted,Jabodetabek
GCD-3736,Active,Jabodetabek
GCD-19431,Active,Jabodetabek
GCD-25287,Blacklisted,Jabodetabek
GCD-17566,Active,Jabodetabek
GCD-19830,Blacklisted,Batam
GCD-18933,Active,Surabaya
GCD-20928,Active,Semarang
GCD-21097,Active,Jabodetabek
GCD-25473,Active,Surabaya
GCD-25067,Active,Jabodetabek
GCD-25259,Blacklisted,Jabodetabek
GCD-20930,Blacklisted,Batam
GCD-21140,Blacklisted,Surabaya
GCD-7752,Active,Jabodetabek
GCD-20367,Active,Semarang
GCD-25219,Active,Surabaya
GCD-25155,Active,Semarang
GCD-4663,Active,Surabaya
GCD-8249,Active,Semarang
GCD-25066,Active,Semarang
GCD-25044,Active,Semarang
GCD-20933,Blacklisted,Batam
GCD-8966,Active,Yogyakarta
GCD-25493,Blacklisted,Jabodetabek
GCD-25624,Active,Jabodetabek
GCD-20962,Active,Jabodetabek
GCD-20451,Active,Yogyakarta
GCD-25246,Frozen,Yogyakarta
GCD-8075,Active,Semarang
GCD-21129,Active,Semarang
GCD-18576,Active,Jabodetabek
GCD-3123,Active,Jabodetabek
GCD-21016,Active,Batam
GCD-20542,Active,Jabodetabek
GCD-25608,Active,Surabaya
GCD-25096,Active,Jabodetabek
GCD-25597,Active,Jabodetabek
GCD-21086,Active,Batam
GCD-21004,Blacklisted,Batam
GCD-25510,Active,Jabodetabek
GCD-20859,Active,Jabodetabek
GCD-25471,Active,Jabodetabek
GCD-2625,Active,Jabodetabek
GCD-11492,Blacklisted,Batam
GCD-5080,Active,Jabodetabek
GCD-25480,Active,Jabodetabek
GCD-13232,Blacklisted,Semarang
GCD-25290,Active,Jabodetabek
GCD-20195,Active,Jabodetabek
GCD-25469,Blacklisted,Batam
GCD-25616,Active,Jabodetabek
GCD-25679,Blacklisted,Batam
GCD-20466,Blacklisted,Jabodetabek
GCD-25385,Blacklisted,Batam
GCD-5853,Active,Jabodetabek
GCD-25509,Blacklisted,Semarang
GCD-20362,Active,Jabodetabek
GCD-25342,Active,Jabodetabek
GCD-25177,Blacklisted,Jabodetabek
GCD-25642,Active,Batam
GCD-20740,Active,Medan
GCD-20175,Active,Jabodetabek
GCD-20919,Frozen,Surabaya
GCD-21067,Active,Semarang
GCD-3347,Active,Jabodetabek
GCD-25465,Active,Yogyakarta
GCD-21118,Active,Yogyakarta
GCD-19918,Active,Surabaya
GCD-20777,Frozen,Surabaya
GCD-25167,Active,Surabaya
GCD-5410,Active,Semarang
GCD-19708,Active,Jabodetabek
GCD-25587,Active,Jabodetabek
GCD-25162,Blacklisted,Jabodetabek
GCD-19882,Active,Jabodetabek
GCD-25393,Blacklisted,Jabodetabek
GCD-25444,Active,Jabodetabek
GCD-21131,Active,Surabaya
GCD-17198,Active,Surabaya
GCD-7256,Blacklisted,Semarang
GCD-7231,Active,Jabodetabek
GCD-1415,Active,Jabodetabek
GCD-4705,Active,Surabaya
GCD-25357,Blacklisted,Batam
GCD-21059,Active,Semarang
GCD-20895,Active,Semarang
GCD-25014,Active,Jabodetabek
GCD-4976,Active,Jabodetabek
GCD-20321,Active,Jabodetabek
GCD-20872,Active,Jabodetabek
GCD-25459,Active,Surabaya
GCD-25173,Active,Jabodetabek
GCD-25107,Active,Jabodetabek
GCD-25025,Active,Semarang
GCD-20892,Active,Batam
GCD-2819,Active,Jabodetabek
GCD-20947,Active,Medan
GCD-4456,Blacklisted,Jabodetabek
GCD-8576,Blacklisted,Palembang
GCD-21151,Active,Palembang
GCD-20767,Active,Palembang
GCD-25442,Active,Palembang
GCD-5439,Blacklisted,Semarang
GCD-20737,Active,Bali
GCD-20803,Frozen,Yogyakarta
GCD-25681,Blacklisted,Batam
GCD-25207,Active,Surabaya
GCD-20951,Active,Medan
GCD-20444,Active,Semarang
GCD-3570,Active,Jabodetabek
GCD-20988,Active,Jabodetabek
OX07012618291804266,Active,Bali
GCD-10803,Active,Bali
GCD-20565,Active,Jabodetabek
GCD-21127,Active,Surabaya
GCD-21142,Active,Jabodetabek
GCD-1000099,Active,Jabodetabek
GCD-10016,Blacklisted,Palembang
GCD-5363,Active,Yogyakarta
GCD-25043,Active,Batam
GCD-20200,Blacklisted,Surabaya
GCD-25048,Blacklisted,Palembang
GCD-20132,Active,Surabaya
GCD-18483,Active,Jabodetabek
GCD-25002,Active,Semarang
GCD-25024,Active,Jabodetabek
GCD-1000074,Active,Bali
GCD-19155,Frozen,Jabodetabek
GCD-5880,Active,Jabodetabek
GCD-25504,Blacklisted,Jabodetabek
GCD-19654,Active,Jabodetabek
GCD-20999,Active,Batam
GCD-1000121,Active,Jabodetabek
GCD-25001,Active,Batam
GCD-25114,Blacklisted,Jabodetabek
GCD-20701,Active,Jabodetabek
GCD-18187,Blacklisted,Bali
GCD-20065,Active,Jabodetabek
GCD-20601,Active,Jabodetabek
GCD-20612,Blacklisted,Jabodetabek
GCD-16186,Active,Surabaya
GCD-4590,Active,Jabodetabek
GCD-7815,Active,Bali
GCD-21095,Active,Medan
GCD-21002,Blacklisted,Jabodetabek
GCD-7774,Active,Jabodetabek
GCD-25537,Active,Jabodetabek
GCD-19693,Active,Jabodetabek
GCD-431,Active,Jabodetabek
GCD-20026,Active,Jabodetabek
GCD-3470,Active,Jabodetabek
GCD-25143,Blacklisted,Jabodetabek
GCD-18822,Active,Jabodetabek
GCD-25438,Frozen,Batam
GCD-20178,Active,Bali
GCD-19297,Active,Jabodetabek
GCD-20975,Active,Batam
GCD-25418,Blacklisted,Batam
GCD-20790,Active,Surabaya
GCD-21127,Active,Surabaya
GCD-10189,Active,Batam
GCD-19514,Active,Jabodetabek
GCD-25035,Blacklisted,Batam
GCD-18304,Blacklisted,Jabodetabek
GCD-1352,Active,Jabodetabek
GCD-18927,Active,Jabodetabek
GCD-3939,Active,Jabodetabek
GCD-11319,Active,Surabaya
GCD-1000202,Active,Jabodetabek
GCD-15556,Active,Jabodetabek
GCD-4882,Active,Yogyakarta
GCD-19906,Active,Jabodetabek
GCD-15733,Active,Surabaya
GCD-4432,Active,Jabodetabek
GCD-25492,Active,Surabaya
GCD-25365,Active,Surabaya
GCD-25379,Blacklisted,Batam
GCD-8766,Blacklisted,Jabodetabek
GCD-13653,Active,Jabodetabek
GCD-21072,Frozen,Batam
GCD-13262,Blacklisted,Surabaya
GCD-25247,Active,Yogyakarta
GCD-25600,Active,Jabodetabek
GCD-25291,Active,Jabodetabek
GCD-16301,Blacklisted,Jabodetabek
GCD-20326,Active,Jabodetabek
GCD-16186,Active,Surabaya
GCD-15393,Active,Surabaya
GCD-25306,Active,Jabodetabek
GCD-20974,Active,Surabaya
GCD-1000155,Active,Jabodetabek
GCD-5638,Blacklisted,Yogyakarta
GCD-20777,Frozen,Surabaya
GCD-1000162,Active,Surabaya
GCD-21056,Active,Surabaya
GCD-25600,Active,Jabodetabek
GCD-1000162,Active,Surabaya
GCD-25657,Blacklisted,Bali
OX13042615035504351,Active,Bali
GCD-20363,Active,Surabaya
GCD-20946,Active,Jabodetabek
GCD-19781,Active,Jabodetabek
GCD-25668,Active,Jabodetabek
GCD-3470,Active,Jabodetabek
GCD-15733,Active,Surabaya
GCD-18304,Blacklisted,Jabodetabek
,,
,,
,,
,,
,,
,,
,,
,,
,,
,,
,,
,,
,,
,,
,,
,,
,,
,,
,,
,,
,,
,,
,,
,,
,,
,,
,,
,,
,,
,,
,,
,,
,,
,,
,,
,,
,,
,,
,,
,,
,,
,,
,,
,,
,,
,,
,,
,,
,,
,,
,,
,,
,,
,,
,,
,,
,,
,,
,,
,,
,,
,,
,,
,,
,,
,,
,,
,,
,,
,,
,,
,,
,,
,,
,,
,,
,,
,,
,,
,,
,,
,,
,,
,,
,,
,,
,,
,,
,,
,,
,,
,,
,,
,,
,,
,,
,,
,,
,,
,,
,,
,,
,,
,,
,,
,,
,,
,,
,,
,,
,,
,,
,,
,,
,,
,,
,,
,,
,,
,,
,,
,,
,,
,,
,,
,,
,,
,,
,,
,,
,,
,,
,,
,,
,,
,,
,,
,,
,,
,,
,,
,,
,,
,,
,,
,,
,,
,,
,,
,,
,,
,,
,,
,,
,,
,,
,,
,,
,,
,,
,,
,,
,,
,,
,,
,,
,,
,,
,,
,,
,,
,,
,,
,,
,,
,,
,,
,,
,,
,,
,,
,,
,,
,,
,,
,,
,,
,,
,,
,,
,,
,,
,,
,,
,,
,,
,,
,,
,,
,,
,,
,,
,,
,,
,,
,,
,,
,,
,,
,,
,,
,,
,,
,,
,,
,,
,,
,,
,,
,,
,,
,,
,,
,,
,,
,,
,,
,,
,,
,,
,,
,,
,,
,,
,,
,,
,,
,,
,,
,,
,,
,,
,,
,,
,,
,,
,,
,,
,,
,,
,,
,,
,,
,,
,,
,,
,,
,,
,,
,,
,,
,,
,,
,,
,,
,,
,,
,,
,,
,,
,,
,,
,,
,,
,,
,,
,,
,,
,,
,,
,,
,,
,,
,,
,,
,,
,,
,,
,,
,,
,,
,,
,,
,,
,,
,,
,,
,,
,,
,,
,,
,,
,,
,,
,,
,,
,,
,,
,,
,,
,,
,,
,,
,,
,,
,,
,,
,,
,,
,,
,,
,,
,,
,,
,,
,,
,,
,,
,,
,,
,,
,,
,,
,,
,,
,,
,,
,,
,,
,,
,,
,,
,,
,,
,,
,,
,,
,,
,,
,,
,,
,,
,,
,,
,,
,,
,,
,,
,,
,,
,,
,,
,,
,,
,,
,,
,,
,,
,,
,,
,,
,,
,,
,,
,,
,,
,,
,,
,,
,,
,,
,,
,,
,,
,,
,,
,,
,,
,,
,,
,,
,,
,,
,,
,,
,,
,,
,,
,,
,,
,,
,,
,,
,,
,,
,,
,,
,,
,,
,,
,,
,,
,,
,,
,,
,,
,,
,,
,,
,,
,,
,,
,,
,,
,,
,,
,,
,,
,,
,,
,,
,,
,,
,,
,,
,,
,,
,,
,,
,,
,,
,,
,,
,,
,,
,,
,,
,,
,,
,,
,,
,,
,,
,,
,,
,,
,,
,,
,,
,,
,,
,,
,,
,,
,,
,,
,,
,,
,,
,,
,,
,,
,,
,,
,,
,,
,,
,,
,,
,,
,,
,,
,,
,,
,,
,,
,,
,,
,,
,,
,,
,,
,,
,,
,,
,,
,,
,,
,,
,,
,,
,,
,,
,,
,,
,,
,,
,,
,,
,,
,,
,,
,,
,,
,,
,,
,,
,,
,,
,,
,,
,,
,,
,,
,,
,,
,,
,,
,,
,,
,,
,,
,,
,,
,,
,,
,,
,,
,,
,,
,,
,,
,,
,,
,,
,,
,,
,,
,,
,,
,,
,,
,,
,,
,,
,,
,,
,,
,,
,,
,,
,,
,,
,,
,,
,,
,,
,,
,,
,,
,,
,,
,,
,,
,,
,,
,,
,,
,,
,,
,,
,,
,,
,,
,,
,,
,,
,,
,,
,,
,,
,,
,,
,,
,,
,,
,,
,,
,,
,,
,,
,,
,,
,,
,,
,,
,,
,,
,,
,,
,,
,,
,,
,,
,,
,,
,,
,,
,,
,,
,,
,,
,,
,,
,,
,,
,,
,,
,,
,,
,,
,,
,,
,,
,,
,,
,,
,,
,,
,,
,,
,,
,,
,,
,,
,,
,,
,,
,,
,,
,,
,,
,,
,,
,,
,,
,,
,,
,,
,,
,,
,,
,,
,,
,,
,,
,,
,,
,,
,,
,,
,,
,,
,,
,,
,,
,,
,,
,,
,,
,,
,,
,,
,,
,,
,,
,,
,,
,,
,,
,,
,,
,,
,,
,,
,,
,,
,,
,,
,,
,,
,,
,,
,,
,,
,,
,,
,,
,,
,,
,,
,,
,,
,,
,,
,,
,,
,,
,,
,,
,,
,,
,,
,,
,,
,,
,,
,,
,,
,,
,,
,,
,,
,,
,,
,,
,,
,,
,,
,,
,,
,,
,,
,,
,,
,,
,,
,,
,,
,,
,,
,,
,,
,,
,,
,,
,,
,,
,,
,,
,,
,,
,,
,,
,,
,,
,,
,,
,,
,,
,,
,,
,,
,,
,,
,,
,,
,,
,,
,,
,,
,,
,,
,,
,,
,,
,,
,,
,,
,,
,,
,,
,,
,,
,,
,,
,,
,,
,,
,,
,,
,,
,,
,,
,,
,,
,,
,,
,,
,,
,,
,,
,,
,,
,,
,,
,,
,,
,,
,,
,,
,,
,,
,,
,,
,,
,,
,,
,,
,,
,,
,,
,,
,,
,,
,,
,,
,,
,,
,,
,,
,,
,,
,,
,,
,,
,,
,,
,,
,,
,,
,,
,,
,,
,,
,,
,,
,,
,,
,,
,,
,,
,,
,,
,,
,,
,,
,,
,,
,,
,,
,,
,,
,,
,,
,,
,,
,,
,,
,,
,,
,,
,,
,,
,,
,,
,,
,,
,,
,,
,,
,,
,,
,,
,,
,,
,,
,,
,,
,,
,,
,,
,,
,,
,,
,,
,,
,,
,,
,,
,,
,,
,,
,,
,,
,,
,,
,,
,,
,,
,,
,,
,,
,,
,,
,,
,,
,,
,,
,,
,,
,,
,,
,,
,,
,,
,,
,,
,,
,,
,,
,,
,,
,,
,,
,,
,,
,,
,,
,,
,,
,,
,,
,,
,,
,,
,,
,,
,,
,,
,,
,,
,,
,,
,,
,,
,,
,,
,,
,,
,,
,,
,,
,,
,,
,,
,,
,,
,,
,,
,,
,,
,,
,,
,,
,,
,,
,,
,,
,,
,,
,,
,,
,,
,,
,,
,,
,,
,,
,,
,,
,,
,,
,,
,,
,,
,,
,,
,,
,,
,,
,,
,,
,,
,,
,,
,,
,,
,,
,,
,,
,,
,,
,,
,,
,,
,,
,,
,,
,,
,,
,,
,,
,,
,,
,,
,,
,,
,,
,,
,,
,,
,,
,,
,,
,,
,,
,,
,,
,,
,,
,,
,,
,,
,,
,,
,,
,,
,,
,,
,,
,,
,,
,,
,,
,,
,,
,,
,,
,,
,,
,,
,,
,,
,,
,,
,,
,,
,,
,,
,,
,,
,,
,,
,,
,,
,,
,,
,,
,,
,,
,,
,,
,,
,,
,,
,,
,,
,,
,,
,,
,,
,,
,,
,,
,,
,,
,,
,,
,,
,,
,,
,,
,,
,,
,,
,,
,,
,,
,,
,,
,,
,,
,,
,,
,,
,,
,,
,,
,,
,,
,,
,,
,,
,,
,,
,,
,,
,,
,,
,,
,,
,,
,,
,,
,,
,,
,,
,,
,,
,,
,,
,,
,,
,,
,,
,,
,,
,,
,,
,,
,,
,,
,,
,,
,,
,,
,,
,,
,,
,,
,,
,,
,,
,,
,,
,,
,,
,,
,,
,,
,,
,,
,,
,,
,,
,,
,,
,,
,,
,,
,,
,,
,,
,,
,,
,,
,,
,,
,,
,,
,,
,,
,,
,,
,,
,,
,,
,,
,,
,,
,,
,,
,,
,,
,,
,,
,,
,,
,,
,,
,,
,,
,,
,,
,,
,,
,,
,,
,,
,,
,,
,,
,,
,,
,,
,,
,,
,,
,,
,,
,,
,,
,,
,,
,,
,,
,,
,,
,,
,,
,,
,,
,,
,,
,,
,,
,,
,,
,,
,,
,,
,,
,,
,,
,,
,,
,,
,,
,,
,,
,,
,,
,,
,,
,,
,,
,,
,,
,,
,,
,,
,,
,,
,,
,,
,,
,,
,,
,,
,,
,,
,,
,,
,,
,,
,,
,,
,,
,,
,,
,,
,,
,,
,,
,,
,,
,,
,,
,,
,,
,,
,,
,,
,,
,,
,,
,,
,,
,,
,,
,,
,,
,,
,,
,,
,,
,,
,,
,,
,,
,,
,,
,,
,,
,,
,,
,,
,,
,,
,,
,,
,,
,,
,,
,,
,,
,,
,,
,,
,,
,,
,,
,,
,,
,,
,,
,,
,,
,,
,,
,,
,,
,,
,,
,,
,,
,,
,,
,,
,,
,,
,,
,,
,,
,,
,,
,,
,,
,,
,,
,,
,,
,,
,,
,,
,,
,,
,,
,,
,,
,,
,,
,,
,,
,,
,,
,,
,,
,,
,,
,,
,,
,,
,,
,,
,,
,,
,,
,,
,,
,,
,,
,,
,,
,,
,,
,,
,,
,,
,,
,,
,,
,,
,,
,,
,,
,,
,,
,,
,,
,,
,,
,,
,,
,,
,,
,,
,,
,,
,,
,,
,,
,,
,,
,,
,,
,,
,,
,,
,,
,,
,,
,,
,,
,,
,,
,,
,,
,,
,,
,,
,,
,,
,,
,,
,,
,,
,,
,,
,,
,,
,,
,,
,,
,,
,,
,,
,,
,,
,,
,,
,,
,,
,,
,,
,,
,,
,,
,,
,,
,,
,,
,,
,,
,,
,,
,,
,,
,,
,,
,,
,,
,,
,,
,,
,,
,,
,,
,,
,,
,,
,,
,,
,,
,,
,,
,,
,,
,,
,,
,,
,,
,,
,,
,,
,,
,,
,,
,,
,,
,,
,,
,,
,,
,,
,,
,,
,,
,,
,,
,,
,,
,,
,,
,,
,,
,,
,,
,,
,,
,,
,,
,,
,,
,,
,,
,,
,,
,,
,,
,,
,,
,,
,,
,,
,,
,,
,,
,,
,,
,,
,,
,,
,,
,,
,,
,,
,,
,,
,,
,,
,,
,,
,,
,,
,,
,,
,,
,,
,,
,,
,,
,,
,,
,,
,,
,,
,,
,,
,,
,,
,,
,,
,,
,,
,,
,,
,,
,,
,,
,,
,,
,,
,,
,,
,,
,,
,,
,,
,,
,,
,,
,,
,,
,,
,,
,,
,,
,,
,,
,,
,,
,,
,,
,,
,,
,,
,,
,,
,,
,,
,,
,,
,,
,,
,,
,,
,,
,,
,,
,,
,,
,,
,,
,,
,,
,,
,,
,,
,,
,,
,,
,,
,,
,,
,,
,,
,,
,,
,,
,,
,,
,,
,,
,,
,,
,,
,,
,,
,,
,,
,,
,,
,,
,,
,,
,,
,,
,,
,,
,,
,,
,,
,,
,,
,,
,,
,,
,,
,,
,,
,,
,,
,,
,,
,,
,,
,,
,,
,,
,,
,,
,,
,,
,,
,,
,,
,,
,,
,,
,,
,,
,,
,,
,,
,,
,,
,,
,,
,,
,,
,,
,,
,,
,,
,,
,,
,,
,,
,,
,,
,,
,,
,,
,,
,,
,,
,,
,,
,,
,,
,,
,,
,,
,,
,,
,,
,,
,,
,,
,,
,,
,,
,,
,,
,,
,,
,,
,,
,,
,,
,,
,,
,,
,,
,,
,,
,,
,,
,,
,,
,,
,,
,,
,,
,,
,,
,,
,,
,,
,,
,,
,,
,,
,,
,,
,,
,,
,,
,,
,,
,,
,,
,,
,,
,,
,,
,,
,,
,,
,,
,,
,,
,,
,,
,,
,,
,,
,,
,,
,,
,,
,,
,,
,,
,,
,,
,,
,,
,,
,,
,,
,,
,,
,,
,,
,,
,,
,,
,,
,,
,,
,,
,,
,,
,,
,,
,,
,,
,,
,,
,,
,,
,,
,,
,,
,,
,,
,,
,,
,,
,,
,,
,,
,,
,,
,,
,,
,,
,,
,,
,,
,,
,,
,,
,,
,,
,,
,,
,,
,,
,,
,,
,,
,,
,,
,,
,,
,,
,,
,,
,,
,,
,,
,,
,,
,,
,,
,,
,,
,,
,,
,,
,,
,,
,,
,,
,,
,,
,,
,,
,,
,,
,,
,,
,,
,,
,,
,,
,,
,,
,,
,,
,,
,,
,,
,,
,,
,,
,,
,,
,,
,,
,,
,,
,,
,,
,,
,,
,,
,,
,,
,,
,,
,,
,,
,,
,,
,,
,,
,,
,,
,,
,,
,,
,,
,,
,,
,,
,,
,,
,,
,,
,,
,,
,,
,,
,,
,,
,,
,,
,,
,,
,,
,,
,,
,,
,,
,,
,,
,,
,,
,,
,,
,,
,,
,,
,,
,,
,,
,,
,,
,,
,,
,,
,,
,,
,,
,,
,,
,,
,,
,,
,,
,,
,,
,,
,,
,,
,,
,,
,,
,,
,,
,,
,,
,,
,,
,,
,,
,,
,,
,,
,,
,,
,,
,,
,,
,,
,,
,,
,,
,,
,,
,,
,,
,,
,,
,,
,,
,,
,,
,,
,,
,,
,,
,,
,,
,,
,,
,,
,,
,,
,,
,,
,,
,,
,,
,,
,,
,,
,,
,,
,,
,,
,,
,,
,,
,,
,,
,,
,,
,,
,,
,,
,,
,,
,,
,,
,,
,,
,,
,,
,,
,,
,,
,,
,,
,,
,,
,,
,,
,,
,,
,,
,,
,,
,,
,,
,,
,,
,,
,,
,,
,,
,,
,,
,,
,,
,,
,,
,,
,,
,,
,,
,,
,,
,,
,,
,,
,,
,,
,,
,,
,,
,,
,,
,,
,,
,,
,,
,,
,,
,,
,,
,,
,,
,,
,,
,,
,,
,,
,,
,,
,,
,,
,,
,,
,,
,,
,,
,,
,,
,,
,,
,,
,,
,,
,,
,,
,,
,,
,,
,,
,,
,,
,,
,,
,,
,,
,,
,,
,,
,,
,,
,,
,,
,,
,,
,,
,,
,,
,,
,,
,,
,,
,,
,,
,,
,,
,,
,,
,,
,,
,,
,,
,,
,,
,,
,,
,,
,,
,,
,,
,,
,,
,,
,,
,,
,,
,,
,,